[2026-07-16T20:01:08.359Z] info: kubernetes.yaml was copied to the config folder
[2026-07-16T20:02:10.517Z] error: Host validation failed for: localhost:3010. Hint: Set the HOMEPAGE_ALLOWED_HOSTS environment variable to allow requests from this host / port.
[2026-07-16T20:02:10.882Z] error: Host validation failed for: localhost:3010. Hint: Set the HOMEPAGE_ALLOWED_HOSTS environment variable to allow requests from this host / port.
[2026-07-16T20:02:10.887Z] error: Host validation failed for: localhost:3010. Hint: Set the HOMEPAGE_ALLOWED_HOSTS environment variable to allow requests from this host / port.
[2026-07-16T20:02:10.890Z] error: Host validation failed for: localhost:3010. Hint: Set the HOMEPAGE_ALLOWED_HOSTS environment variable to allow requests from this host / port.
[2026-07-16T20:02:10.894Z] error: Host validation failed for: localhost:3010. Hint: Set the HOMEPAGE_ALLOWED_HOSTS environment variable to allow requests from this host / port.
[2026-07-16T20:02:10.897Z] error: Host validation failed for: localhost:3010. Hint: Set the HOMEPAGE_ALLOWED_HOSTS environment variable to allow requests from this host / port.
[2026-07-16T20:02:10.900Z] error: Host validation failed for: localhost:3010. Hint: Set the HOMEPAGE_ALLOWED_HOSTS environment variable to allow requests from this host / port.
[2026-07-16T20:02:10.908Z] error: Host validation failed for: localhost:3010. Hint: Set the HOMEPAGE_ALLOWED_HOSTS environment variable to allow requests from this host / port.
[2026-07-16T20:02:10.912Z] error: Host validation failed for: localhost:3010. Hint: Set the HOMEPAGE_ALLOWED_HOSTS environment variable to allow requests from this host / port.
[2026-07-16T20:02:10.915Z] error: Host validation failed for: localhost:3010. Hint: Set the HOMEPAGE_ALLOWED_HOSTS environment variable to allow requests from this host / port.
[2026-07-16T20:02:10.918Z] error: Host validation failed for: localhost:3010. Hint: Set the HOMEPAGE_ALLOWED_HOSTS environment variable to allow requests from this host / port.
[2026-07-16T20:02:10.958Z] error: Host validation failed for: localhost:3010. Hint: Set the HOMEPAGE_ALLOWED_HOSTS environment variable to allow requests from this host / port.
[2026-07-16T20:02:16.674Z] error: Host validation failed for: localhost:3010. Hint: Set the HOMEPAGE_ALLOWED_HOSTS environment variable to allow requests from this host / port.
[2026-07-16T20:02:16.676Z] error: Host validation failed for: localhost:3010. Hint: Set the HOMEPAGE_ALLOWED_HOSTS environment variable to allow requests from this host / port.
[2026-07-16T20:02:18.507Z] error: Host validation failed for: localhost:3010. Hint: Set the HOMEPAGE_ALLOWED_HOSTS environment variable to allow requests from this host / port.
[2026-07-16T20:02:55.674Z] error: Host validation failed for: localhost:3010. Hint: Set the HOMEPAGE_ALLOWED_HOSTS environment variable to allow requests from this host / port.
[2026-07-16T20:02:55.677Z] error: Host validation failed for: localhost:3010. Hint: Set the HOMEPAGE_ALLOWED_HOSTS environment variable to allow requests from this host / port.
[2026-07-16T20:02:55.680Z] error: Host validation failed for: localhost:3010. Hint: Set the HOMEPAGE_ALLOWED_HOSTS environment variable to allow requests from this host / port.
[2026-07-16T20:03:18.075Z] error: Host validation failed for: localhost:3010. Hint: Set the HOMEPAGE_ALLOWED_HOSTS environment variable to allow requests from this host / port.
[2026-07-16T20:03:18.081Z] error: Host validation failed for: localhost:3010. Hint: Set the HOMEPAGE_ALLOWED_HOSTS environment variable to allow requests from this host / port.
[2026-07-16T20:03:18.085Z] error: Host validation failed for: localhost:3010. Hint: Set the HOMEPAGE_ALLOWED_HOSTS environment variable to allow requests from this host / port.
[2026-07-16T20:05:15.934Z] info: docker.yaml was copied to the config folder
[2026-07-16T20:05:15.935Z] info: services.yaml was copied to the config folder
[2026-07-16T20:05:15.935Z] info: bookmarks.yaml was copied to the config folder
[2026-07-16T20:05:15.935Z] info: proxmox.yaml was copied to the config folder
[2026-07-16T20:05:15.940Z] info: widgets.yaml was copied to the config folder
[2026-07-16T20:05:15.940Z] info: custom.css was copied to the config folder
[2026-07-16T20:05:15.941Z] info: custom.js was copied to the config folder
[2026-07-16T20:34:50.325Z] error: Host validation failed for: homepage.home.lab. Hint: Set the HOMEPAGE_ALLOWED_HOSTS environment variable to allow requests from this host / port.
[2026-07-16T20:34:50.337Z] error: Host validation failed for: homepage.home.lab. Hint: Set the HOMEPAGE_ALLOWED_HOSTS environment variable to allow requests from this host / port.
[2026-07-16T20:34:50.341Z] error: Host validation failed for: homepage.home.lab. Hint: Set the HOMEPAGE_ALLOWED_HOSTS environment variable to allow requests from this host / port.
[2026-07-16T20:34:50.349Z] error: Host validation failed for: homepage.home.lab. Hint: Set the HOMEPAGE_ALLOWED_HOSTS environment variable to allow requests from this host / port.
[2026-07-16T20:34:50.354Z] error: Host validation failed for: homepage.home.lab. Hint: Set the HOMEPAGE_ALLOWED_HOSTS environment variable to allow requests from this host / port.
[2026-07-16T20:34:50.358Z] error: Host validation failed for: homepage.home.lab. Hint: Set the HOMEPAGE_ALLOWED_HOSTS environment variable to allow requests from this host / port.
[2026-07-16T20:34:50.363Z] error: Host validation failed for: homepage.home.lab. Hint: Set the HOMEPAGE_ALLOWED_HOSTS environment variable to allow requests from this host / port.
[2026-07-16T20:34:50.368Z] error: Host validation failed for: homepage.home.lab. Hint: Set the HOMEPAGE_ALLOWED_HOSTS environment variable to allow requests from this host / port.
[2026-07-16T20:34:50.374Z] error: Host validation failed for: homepage.home.lab. Hint: Set the HOMEPAGE_ALLOWED_HOSTS environment variable to allow requests from this host / port.
[2026-07-16T20:34:50.385Z] error: Host validation failed for: homepage.home.lab. Hint: Set the HOMEPAGE_ALLOWED_HOSTS environment variable to allow requests from this host / port.
[2026-07-16T20:34:53.324Z] error: Host validation failed for: homepage.home.lab. Hint: Set the HOMEPAGE_ALLOWED_HOSTS environment variable to allow requests from this host / port.
[2026-07-16T20:34:53.443Z] error: Host validation failed for: homepage.home.lab. Hint: Set the HOMEPAGE_ALLOWED_HOSTS environment variable to allow requests from this host / port.
[2026-07-16T20:34:53.447Z] error: Host validation failed for: homepage.home.lab. Hint: Set the HOMEPAGE_ALLOWED_HOSTS environment variable to allow requests from this host / port.
[2026-07-16T20:34:53.450Z] error: Host validation failed for: homepage.home.lab. Hint: Set the HOMEPAGE_ALLOWED_HOSTS environment variable to allow requests from this host / port.
[2026-07-16T20:34:53.454Z] error: Host validation failed for: homepage.home.lab. Hint: Set the HOMEPAGE_ALLOWED_HOSTS environment variable to allow requests from this host / port.
[2026-07-16T20:34:53.456Z] error: Host validation failed for: homepage.home.lab. Hint: Set the HOMEPAGE_ALLOWED_HOSTS environment variable to allow requests from this host / port.
[2026-07-16T20:34:53.458Z] error: Host validation failed for: homepage.home.lab. Hint: Set the HOMEPAGE_ALLOWED_HOSTS environment variable to allow requests from this host / port.
[2026-07-16T20:34:53.462Z] error: Host validation failed for: homepage.home.lab. Hint: Set the HOMEPAGE_ALLOWED_HOSTS environment variable to allow requests from this host / port.
[2026-07-16T20:34:53.467Z] error: Host validation failed for: homepage.home.lab. Hint: Set the HOMEPAGE_ALLOWED_HOSTS environment variable to allow requests from this host / port.
[2026-07-16T20:34:53.469Z] error: Host validation failed for: homepage.home.lab. Hint: Set the HOMEPAGE_ALLOWED_HOSTS environment variable to allow requests from this host / port.
[2026-07-16T20:34:53.472Z] error: Host validation failed for: homepage.home.lab. Hint: Set the HOMEPAGE_ALLOWED_HOSTS environment variable to allow requests from this host / port.
[2026-07-16T20:34:53.511Z] error: Host validation failed for: homepage.home.lab. Hint: Set the HOMEPAGE_ALLOWED_HOSTS environment variable to allow requests from this host / port.
[2026-07-16T20:34:53.518Z] error: Host validation failed for: homepage.home.lab. Hint: Set the HOMEPAGE_ALLOWED_HOSTS environment variable to allow requests from this host / port.
[2026-07-16T20:34:55.666Z] error: Host validation failed for: homepage.home.lab. Hint: Set the HOMEPAGE_ALLOWED_HOSTS environment variable to allow requests from this host / port.
[2026-07-16T20:34:55.787Z] error: Host validation failed for: homepage.home.lab. Hint: Set the HOMEPAGE_ALLOWED_HOSTS environment variable to allow requests from this host / port.
[2026-07-16T20:34:55.791Z] error: Host validation failed for: homepage.home.lab. Hint: Set the HOMEPAGE_ALLOWED_HOSTS environment variable to allow requests from this host / port.
[2026-07-16T20:34:55.793Z] error: Host validation failed for: homepage.home.lab. Hint: Set the HOMEPAGE_ALLOWED_HOSTS environment variable to allow requests from this host / port.
[2026-07-16T20:34:55.796Z] error: Host validation failed for: homepage.home.lab. Hint: Set the HOMEPAGE_ALLOWED_HOSTS environment variable to allow requests from this host / port.
[2026-07-16T20:34:55.798Z] error: Host validation failed for: homepage.home.lab. Hint: Set the HOMEPAGE_ALLOWED_HOSTS environment variable to allow requests from this host / port.
[2026-07-16T20:34:55.801Z] error: Host validation failed for: homepage.home.lab. Hint: Set the HOMEPAGE_ALLOWED_HOSTS environment variable to allow requests from this host / port.
[2026-07-16T20:34:55.805Z] error: Host validation failed for: homepage.home.lab. Hint: Set the HOMEPAGE_ALLOWED_HOSTS environment variable to allow requests from this host / port.
[2026-07-16T20:34:55.808Z] error: Host validation failed for: homepage.home.lab. Hint: Set the HOMEPAGE_ALLOWED_HOSTS environment variable to allow requests from this host / port.
[2026-07-16T20:34:55.811Z] error: Host validation failed for: homepage.home.lab. Hint: Set the HOMEPAGE_ALLOWED_HOSTS environment variable to allow requests from this host / port.
[2026-07-16T20:34:55.814Z] error: Host validation failed for: homepage.home.lab. Hint: Set the HOMEPAGE_ALLOWED_HOSTS environment variable to allow requests from this host / port.
[2026-07-16T20:34:55.854Z] error: Host validation failed for: homepage.home.lab. Hint: Set the HOMEPAGE_ALLOWED_HOSTS environment variable to allow requests from this host / port.
[2026-07-16T20:34:56.423Z] error: Host validation failed for: homepage.home.lab. Hint: Set the HOMEPAGE_ALLOWED_HOSTS environment variable to allow requests from this host / port.
[2026-07-16T20:34:56.529Z] error: Host validation failed for: homepage.home.lab. Hint: Set the HOMEPAGE_ALLOWED_HOSTS environment variable to allow requests from this host / port.
[2026-07-16T20:34:56.533Z] error: Host validation failed for: homepage.home.lab. Hint: Set the HOMEPAGE_ALLOWED_HOSTS environment variable to allow requests from this host / port.
[2026-07-16T20:34:56.535Z] error: Host validation failed for: homepage.home.lab. Hint: Set the HOMEPAGE_ALLOWED_HOSTS environment variable to allow requests from this host / port.
[2026-07-16T20:34:56.537Z] error: Host validation failed for: homepage.home.lab. Hint: Set the HOMEPAGE_ALLOWED_HOSTS environment variable to allow requests from this host / port.
[2026-07-16T20:34:56.539Z] error: Host validation failed for: homepage.home.lab. Hint: Set the HOMEPAGE_ALLOWED_HOSTS environment variable to allow requests from this host / port.
[2026-07-16T20:34:56.540Z] error: Host validation failed for: homepage.home.lab. Hint: Set the HOMEPAGE_ALLOWED_HOSTS environment variable to allow requests from this host / port.
[2026-07-16T20:34:56.543Z] error: Host validation failed for: homepage.home.lab. Hint: Set the HOMEPAGE_ALLOWED_HOSTS environment variable to allow requests from this host / port.
[2026-07-16T20:34:56.544Z] error: Host validation failed for: homepage.home.lab. Hint: Set the HOMEPAGE_ALLOWED_HOSTS environment variable to allow requests from this host / port.
[2026-07-16T20:34:56.546Z] error: Host validation failed for: homepage.home.lab. Hint: Set the HOMEPAGE_ALLOWED_HOSTS environment variable to allow requests from this host / port.
[2026-07-16T20:34:56.555Z] error: Host validation failed for: homepage.home.lab. Hint: Set the HOMEPAGE_ALLOWED_HOSTS environment variable to allow requests from this host / port.
[2026-07-16T20:34:56.601Z] error: Host validation failed for: homepage.home.lab. Hint: Set the HOMEPAGE_ALLOWED_HOSTS environment variable to allow requests from this host / port.
[2026-07-16T20:34:56.951Z] error: Host validation failed for: homepage.home.lab. Hint: Set the HOMEPAGE_ALLOWED_HOSTS environment variable to allow requests from this host / port.
[2026-07-16T20:34:57.060Z] error: Host validation failed for: homepage.home.lab. Hint: Set the HOMEPAGE_ALLOWED_HOSTS environment variable to allow requests from this host / port.
[2026-07-16T20:34:57.064Z] error: Host validation failed for: homepage.home.lab. Hint: Set the HOMEPAGE_ALLOWED_HOSTS environment variable to allow requests from this host / port.
[2026-07-16T20:34:57.066Z] error: Host validation failed for: homepage.home.lab. Hint: Set the HOMEPAGE_ALLOWED_HOSTS environment variable to allow requests from this host / port.
[2026-07-16T20:34:57.068Z] error: Host validation failed for: homepage.home.lab. Hint: Set the HOMEPAGE_ALLOWED_HOSTS environment variable to allow requests from this host / port.
[2026-07-16T20:34:57.070Z] error: Host validation failed for: homepage.home.lab. Hint: Set the HOMEPAGE_ALLOWED_HOSTS environment variable to allow requests from this host / port.
[2026-07-16T20:34:57.072Z] error: Host validation failed for: homepage.home.lab. Hint: Set the HOMEPAGE_ALLOWED_HOSTS environment variable to allow requests from this host / port.
[2026-07-16T20:34:57.074Z] error: Host validation failed for: homepage.home.lab. Hint: Set the HOMEPAGE_ALLOWED_HOSTS environment variable to allow requests from this host / port.
[2026-07-16T20:34:57.076Z] error: Host validation failed for: homepage.home.lab. Hint: Set the HOMEPAGE_ALLOWED_HOSTS environment variable to allow requests from this host / port.
[2026-07-16T20:34:57.077Z] error: Host validation failed for: homepage.home.lab. Hint: Set the HOMEPAGE_ALLOWED_HOSTS environment variable to allow requests from this host / port.
[2026-07-16T20:34:57.084Z] error: Host validation failed for: homepage.home.lab. Hint: Set the HOMEPAGE_ALLOWED_HOSTS environment variable to allow requests from this host / port.
[2026-07-16T20:34:57.122Z] error: Host validation failed for: homepage.home.lab. Hint: Set the HOMEPAGE_ALLOWED_HOSTS environment variable to allow requests from this host / port.
[2026-07-16T20:34:57.442Z] error: Host validation failed for: homepage.home.lab. Hint: Set the HOMEPAGE_ALLOWED_HOSTS environment variable to allow requests from this host / port.
[2026-07-16T20:34:57.551Z] error: Host validation failed for: homepage.home.lab. Hint: Set the HOMEPAGE_ALLOWED_HOSTS environment variable to allow requests from this host / port.
[2026-07-16T20:34:57.555Z] error: Host validation failed for: homepage.home.lab. Hint: Set the HOMEPAGE_ALLOWED_HOSTS environment variable to allow requests from this host / port.
[2026-07-16T20:34:57.557Z] error: Host validation failed for: homepage.home.lab. Hint: Set the HOMEPAGE_ALLOWED_HOSTS environment variable to allow requests from this host / port.
[2026-07-16T20:34:57.560Z] error: Host validation failed for: homepage.home.lab. Hint: Set the HOMEPAGE_ALLOWED_HOSTS environment variable to allow requests from this host / port.
[2026-07-16T20:34:57.563Z] error: Host validation failed for: homepage.home.lab. Hint: Set the HOMEPAGE_ALLOWED_HOSTS environment variable to allow requests from this host / port.
[2026-07-16T20:34:57.565Z] error: Host validation failed for: homepage.home.lab. Hint: Set the HOMEPAGE_ALLOWED_HOSTS environment variable to allow requests from this host / port.
[2026-07-16T20:34:57.569Z] error: Host validation failed for: homepage.home.lab. Hint: Set the HOMEPAGE_ALLOWED_HOSTS environment variable to allow requests from this host / port.
[2026-07-16T20:34:57.571Z] error: Host validation failed for: homepage.home.lab. Hint: Set the HOMEPAGE_ALLOWED_HOSTS environment variable to allow requests from this host / port.
[2026-07-16T20:34:57.573Z] error: Host validation failed for: homepage.home.lab. Hint: Set the HOMEPAGE_ALLOWED_HOSTS environment variable to allow requests from this host / port.
[2026-07-16T20:34:57.582Z] error: Host validation failed for: homepage.home.lab. Hint: Set the HOMEPAGE_ALLOWED_HOSTS environment variable to allow requests from this host / port.
[2026-07-16T20:34:57.613Z] error: Host validation failed for: homepage.home.lab. Hint: Set the HOMEPAGE_ALLOWED_HOSTS environment variable to allow requests from this host / port.
[2026-07-16T20:34:57.699Z] error: Host validation failed for: homepage.home.lab. Hint: Set the HOMEPAGE_ALLOWED_HOSTS environment variable to allow requests from this host / port.
[2026-07-16T20:34:57.812Z] error: Host validation failed for: homepage.home.lab. Hint: Set the HOMEPAGE_ALLOWED_HOSTS environment variable to allow requests from this host / port.
[2026-07-16T20:34:57.815Z] error: Host validation failed for: homepage.home.lab. Hint: Set the HOMEPAGE_ALLOWED_HOSTS environment variable to allow requests from this host / port.
[2026-07-16T20:34:57.817Z] error: Host validation failed for: homepage.home.lab. Hint: Set the HOMEPAGE_ALLOWED_HOSTS environment variable to allow requests from this host / port.
[2026-07-16T20:34:57.819Z] error: Host validation failed for: homepage.home.lab. Hint: Set the HOMEPAGE_ALLOWED_HOSTS environment variable to allow requests from this host / port.
[2026-07-16T20:34:57.820Z] error: Host validation failed for: homepage.home.lab. Hint: Set the HOMEPAGE_ALLOWED_HOSTS environment variable to allow requests from this host / port.
[2026-07-16T20:34:57.822Z] error: Host validation failed for: homepage.home.lab. Hint: Set the HOMEPAGE_ALLOWED_HOSTS environment variable to allow requests from this host / port.
[2026-07-16T20:34:57.826Z] error: Host validation failed for: homepage.home.lab. Hint: Set the HOMEPAGE_ALLOWED_HOSTS environment variable to allow requests from this host / port.
[2026-07-16T20:34:57.828Z] error: Host validation failed for: homepage.home.lab. Hint: Set the HOMEPAGE_ALLOWED_HOSTS environment variable to allow requests from this host / port.
[2026-07-16T20:34:57.830Z] error: Host validation failed for: homepage.home.lab. Hint: Set the HOMEPAGE_ALLOWED_HOSTS environment variable to allow requests from this host / port.
[2026-07-16T20:34:57.835Z] error: Host validation failed for: homepage.home.lab. Hint: Set the HOMEPAGE_ALLOWED_HOSTS environment variable to allow requests from this host / port.
[2026-07-16T20:34:57.845Z] error: Host validation failed for: homepage.home.lab. Hint: Set the HOMEPAGE_ALLOWED_HOSTS environment variable to allow requests from this host / port.
[2026-07-16T20:34:57.875Z] error: Host validation failed for: homepage.home.lab. Hint: Set the HOMEPAGE_ALLOWED_HOSTS environment variable to allow requests from this host / port.
[2026-07-16T20:34:58.019Z] error: Host validation failed for: homepage.home.lab. Hint: Set the HOMEPAGE_ALLOWED_HOSTS environment variable to allow requests from this host / port.
[2026-07-16T20:34:58.145Z] error: Host validation failed for: homepage.home.lab. Hint: Set the HOMEPAGE_ALLOWED_HOSTS environment variable to allow requests from this host / port.
[2026-07-16T20:34:58.146Z] error: Host validation failed for: homepage.home.lab. Hint: Set the HOMEPAGE_ALLOWED_HOSTS environment variable to allow requests from this host / port.
[2026-07-16T20:34:58.148Z] error: Host validation failed for: homepage.home.lab. Hint: Set the HOMEPAGE_ALLOWED_HOSTS environment variable to allow requests from this host / port.
[2026-07-16T20:34:58.150Z] error: Host validation failed for: homepage.home.lab. Hint: Set the HOMEPAGE_ALLOWED_HOSTS environment variable to allow requests from this host / port.
[2026-07-16T20:34:58.152Z] error: Host validation failed for: homepage.home.lab. Hint: Set the HOMEPAGE_ALLOWED_HOSTS environment variable to allow requests from this host / port.
[2026-07-16T20:34:58.154Z] error: Host validation failed for: homepage.home.lab. Hint: Set the HOMEPAGE_ALLOWED_HOSTS environment variable to allow requests from this host / port.
[2026-07-16T20:34:58.157Z] error: Host validation failed for: homepage.home.lab. Hint: Set the HOMEPAGE_ALLOWED_HOSTS environment variable to allow requests from this host / port.
[2026-07-16T20:34:58.159Z] error: Host validation failed for: homepage.home.lab. Hint: Set the HOMEPAGE_ALLOWED_HOSTS environment variable to allow requests from this host / port.
[2026-07-16T20:34:58.162Z] error: Host validation failed for: homepage.home.lab. Hint: Set the HOMEPAGE_ALLOWED_HOSTS environment variable to allow requests from this host / port.
[2026-07-16T20:34:58.169Z] error: Host validation failed for: homepage.home.lab. Hint: Set the HOMEPAGE_ALLOWED_HOSTS environment variable to allow requests from this host / port.
[2026-07-16T20:34:58.186Z] error: Host validation failed for: homepage.home.lab. Hint: Set the HOMEPAGE_ALLOWED_HOSTS environment variable to allow requests from this host / port.
[2026-07-16T20:34:58.312Z] error: Host validation failed for: homepage.home.lab. Hint: Set the HOMEPAGE_ALLOWED_HOSTS environment variable to allow requests from this host / port.
[2026-07-16T20:34:58.315Z] error: Host validation failed for: homepage.home.lab. Hint: Set the HOMEPAGE_ALLOWED_HOSTS environment variable to allow requests from this host / port.
[2026-07-16T20:34:58.318Z] error: Host validation failed for: homepage.home.lab. Hint: Set the HOMEPAGE_ALLOWED_HOSTS environment variable to allow requests from this host / port.
[2026-07-16T20:34:58.320Z] error: Host validation failed for: homepage.home.lab. Hint: Set the HOMEPAGE_ALLOWED_HOSTS environment variable to allow requests from this host / port.
[2026-07-16T20:34:58.322Z] error: Host validation failed for: homepage.home.lab. Hint: Set the HOMEPAGE_ALLOWED_HOSTS environment variable to allow requests from this host / port.
[2026-07-16T20:34:58.324Z] error: Host validation failed for: homepage.home.lab. Hint: Set the HOMEPAGE_ALLOWED_HOSTS environment variable to allow requests from this host / port.
[2026-07-16T20:34:58.327Z] error: Host validation failed for: homepage.home.lab. Hint: Set the HOMEPAGE_ALLOWED_HOSTS environment variable to allow requests from this host / port.
[2026-07-16T20:34:58.330Z] error: Host validation failed for: homepage.home.lab. Hint: Set the HOMEPAGE_ALLOWED_HOSTS environment variable to allow requests from this host / port.
[2026-07-16T20:34:58.332Z] error: Host validation failed for: homepage.home.lab. Hint: Set the HOMEPAGE_ALLOWED_HOSTS environment variable to allow requests from this host / port.
[2026-07-16T20:34:58.342Z] error: Host validation failed for: homepage.home.lab. Hint: Set the HOMEPAGE_ALLOWED_HOSTS environment variable to allow requests from this host / port.
[2026-07-16T20:34:58.369Z] error: Host validation failed for: homepage.home.lab. Hint: Set the HOMEPAGE_ALLOWED_HOSTS environment variable to allow requests from this host / port.
[2026-07-16T20:34:58.506Z] error: Host validation failed for: homepage.home.lab. Hint: Set the HOMEPAGE_ALLOWED_HOSTS environment variable to allow requests from this host / port.
[2026-07-16T20:34:58.508Z] error: Host validation failed for: homepage.home.lab. Hint: Set the HOMEPAGE_ALLOWED_HOSTS environment variable to allow requests from this host / port.
[2026-07-16T20:34:58.510Z] error: Host validation failed for: homepage.home.lab. Hint: Set the HOMEPAGE_ALLOWED_HOSTS environment variable to allow requests from this host / port.
[2026-07-16T20:34:58.512Z] error: Host validation failed for: homepage.home.lab. Hint: Set the HOMEPAGE_ALLOWED_HOSTS environment variable to allow requests from this host / port.
[2026-07-16T20:34:58.513Z] error: Host validation failed for: homepage.home.lab. Hint: Set the HOMEPAGE_ALLOWED_HOSTS environment variable to allow requests from this host / port.
[2026-07-16T20:34:58.515Z] error: Host validation failed for: homepage.home.lab. Hint: Set the HOMEPAGE_ALLOWED_HOSTS environment variable to allow requests from this host / port.
[2026-07-16T20:34:58.518Z] error: Host validation failed for: homepage.home.lab. Hint: Set the HOMEPAGE_ALLOWED_HOSTS environment variable to allow requests from this host / port.
[2026-07-16T20:34:58.520Z] error: Host validation failed for: homepage.home.lab. Hint: Set the HOMEPAGE_ALLOWED_HOSTS environment variable to allow requests from this host / port.
[2026-07-16T20:34:58.522Z] error: Host validation failed for: homepage.home.lab. Hint: Set the HOMEPAGE_ALLOWED_HOSTS environment variable to allow requests from this host / port.
[2026-07-16T20:34:58.532Z] error: Host validation failed for: homepage.home.lab. Hint: Set the HOMEPAGE_ALLOWED_HOSTS environment variable to allow requests from this host / port.
[2026-07-16T20:34:58.548Z] error: Host validation failed for: homepage.home.lab. Hint: Set the HOMEPAGE_ALLOWED_HOSTS environment variable to allow requests from this host / port.
[2026-07-16T20:34:58.667Z] error: Host validation failed for: homepage.home.lab. Hint: Set the HOMEPAGE_ALLOWED_HOSTS environment variable to allow requests from this host / port.
[2026-07-16T20:34:58.670Z] error: Host validation failed for: homepage.home.lab. Hint: Set the HOMEPAGE_ALLOWED_HOSTS environment variable to allow requests from this host / port.
[2026-07-16T20:34:58.672Z] error: Host validation failed for: homepage.home.lab. Hint: Set the HOMEPAGE_ALLOWED_HOSTS environment variable to allow requests from this host / port.
[2026-07-16T20:34:58.673Z] error: Host validation failed for: homepage.home.lab. Hint: Set the HOMEPAGE_ALLOWED_HOSTS environment variable to allow requests from this host / port.
[2026-07-16T20:34:58.675Z] error: Host validation failed for: homepage.home.lab. Hint: Set the HOMEPAGE_ALLOWED_HOSTS environment variable to allow requests from this host / port.
[2026-07-16T20:34:58.676Z] error: Host validation failed for: homepage.home.lab. Hint: Set the HOMEPAGE_ALLOWED_HOSTS environment variable to allow requests from this host / port.
[2026-07-16T20:34:58.686Z] error: Host validation failed for: homepage.home.lab. Hint: Set the HOMEPAGE_ALLOWED_HOSTS environment variable to allow requests from this host / port.
[2026-07-16T20:34:58.688Z] error: Host validation failed for: homepage.home.lab. Hint: Set the HOMEPAGE_ALLOWED_HOSTS environment variable to allow requests from this host / port.
[2026-07-16T20:34:58.689Z] error: Host validation failed for: homepage.home.lab. Hint: Set the HOMEPAGE_ALLOWED_HOSTS environment variable to allow requests from this host / port.
[2026-07-16T20:34:58.691Z] error: Host validation failed for: homepage.home.lab. Hint: Set the HOMEPAGE_ALLOWED_HOSTS environment variable to allow requests from this host / port.
[2026-07-16T20:34:58.715Z] error: Host validation failed for: homepage.home.lab. Hint: Set the HOMEPAGE_ALLOWED_HOSTS environment variable to allow requests from this host / port.
[2026-07-16T20:34:58.871Z] error: Host validation failed for: homepage.home.lab. Hint: Set the HOMEPAGE_ALLOWED_HOSTS environment variable to allow requests from this host / port.
[2026-07-16T20:34:58.874Z] error: Host validation failed for: homepage.home.lab. Hint: Set the HOMEPAGE_ALLOWED_HOSTS environment variable to allow requests from this host / port.
[2026-07-16T20:34:58.878Z] error: Host validation failed for: homepage.home.lab. Hint: Set the HOMEPAGE_ALLOWED_HOSTS environment variable to allow requests from this host / port.
[2026-07-16T20:34:58.881Z] error: Host validation failed for: homepage.home.lab. Hint: Set the HOMEPAGE_ALLOWED_HOSTS environment variable to allow requests from this host / port.
[2026-07-16T20:34:58.883Z] error: Host validation failed for: homepage.home.lab. Hint: Set the HOMEPAGE_ALLOWED_HOSTS environment variable to allow requests from this host / port.
[2026-07-16T20:34:58.885Z] error: Host validation failed for: homepage.home.lab. Hint: Set the HOMEPAGE_ALLOWED_HOSTS environment variable to allow requests from this host / port.
[2026-07-16T20:34:58.889Z] error: Host validation failed for: homepage.home.lab. Hint: Set the HOMEPAGE_ALLOWED_HOSTS environment variable to allow requests from this host / port.
[2026-07-16T20:34:58.891Z] error: Host validation failed for: homepage.home.lab. Hint: Set the HOMEPAGE_ALLOWED_HOSTS environment variable to allow requests from this host / port.
[2026-07-16T20:34:58.893Z] error: Host validation failed for: homepage.home.lab. Hint: Set the HOMEPAGE_ALLOWED_HOSTS environment variable to allow requests from this host / port.
[2026-07-16T20:34:58.899Z] error: Host validation failed for: homepage.home.lab. Hint: Set the HOMEPAGE_ALLOWED_HOSTS environment variable to allow requests from this host / port.
[2026-07-16T20:34:58.931Z] error: Host validation failed for: homepage.home.lab. Hint: Set the HOMEPAGE_ALLOWED_HOSTS environment variable to allow requests from this host / port.
[2026-07-16T20:36:52.640Z] error: Host validation failed for: homepage.home.lab. Hint: Set the HOMEPAGE_ALLOWED_HOSTS environment variable to allow requests from this host / port.
[2026-07-16T20:36:52.766Z] error: Host validation failed for: homepage.home.lab. Hint: Set the HOMEPAGE_ALLOWED_HOSTS environment variable to allow requests from this host / port.
[2026-07-16T20:36:52.771Z] error: Host validation failed for: homepage.home.lab. Hint: Set the HOMEPAGE_ALLOWED_HOSTS environment variable to allow requests from this host / port.
[2026-07-16T20:36:52.776Z] error: Host validation failed for: homepage.home.lab. Hint: Set the HOMEPAGE_ALLOWED_HOSTS environment variable to allow requests from this host / port.
[2026-07-16T20:36:52.780Z] error: Host validation failed for: homepage.home.lab. Hint: Set the HOMEPAGE_ALLOWED_HOSTS environment variable to allow requests from this host / port.
[2026-07-16T20:36:52.786Z] error: Host validation failed for: homepage.home.lab. Hint: Set the HOMEPAGE_ALLOWED_HOSTS environment variable to allow requests from this host / port.
[2026-07-16T20:36:52.791Z] error: Host validation failed for: homepage.home.lab. Hint: Set the HOMEPAGE_ALLOWED_HOSTS environment variable to allow requests from this host / port.
[2026-07-16T20:36:52.796Z] error: Host validation failed for: homepage.home.lab. Hint: Set the HOMEPAGE_ALLOWED_HOSTS environment variable to allow requests from this host / port.
[2026-07-16T20:36:52.800Z] error: Host validation failed for: homepage.home.lab. Hint: Set the HOMEPAGE_ALLOWED_HOSTS environment variable to allow requests from this host / port.
[2026-07-16T20:36:52.805Z] error: Host validation failed for: homepage.home.lab. Hint: Set the HOMEPAGE_ALLOWED_HOSTS environment variable to allow requests from this host / port.
[2026-07-16T20:36:52.807Z] error: Host validation failed for: homepage.home.lab. Hint: Set the HOMEPAGE_ALLOWED_HOSTS environment variable to allow requests from this host / port.
[2026-07-16T20:36:52.831Z] error: Host validation failed for: homepage.home.lab. Hint: Set the HOMEPAGE_ALLOWED_HOSTS environment variable to allow requests from this host / port.
[2026-07-16T20:36:53.506Z] error: Host validation failed for: homepage.home.lab. Hint: Set the HOMEPAGE_ALLOWED_HOSTS environment variable to allow requests from this host / port.
[2026-07-16T20:36:53.628Z] error: Host validation failed for: homepage.home.lab. Hint: Set the HOMEPAGE_ALLOWED_HOSTS environment variable to allow requests from this host / port.
[2026-07-16T20:36:53.631Z] error: Host validation failed for: homepage.home.lab. Hint: Set the HOMEPAGE_ALLOWED_HOSTS environment variable to allow requests from this host / port.
[2026-07-16T20:36:53.634Z] error: Host validation failed for: homepage.home.lab. Hint: Set the HOMEPAGE_ALLOWED_HOSTS environment variable to allow requests from this host / port.
[2026-07-16T20:36:53.635Z] error: Host validation failed for: homepage.home.lab. Hint: Set the HOMEPAGE_ALLOWED_HOSTS environment variable to allow requests from this host / port.
[2026-07-16T20:36:53.637Z] error: Host validation failed for: homepage.home.lab. Hint: Set the HOMEPAGE_ALLOWED_HOSTS environment variable to allow requests from this host / port.
[2026-07-16T20:36:53.640Z] error: Host validation failed for: homepage.home.lab. Hint: Set the HOMEPAGE_ALLOWED_HOSTS environment variable to allow requests from this host / port.
[2026-07-16T20:36:53.642Z] error: Host validation failed for: homepage.home.lab. Hint: Set the HOMEPAGE_ALLOWED_HOSTS environment variable to allow requests from this host / port.
[2026-07-16T20:36:53.644Z] error: Host validation failed for: homepage.home.lab. Hint: Set the HOMEPAGE_ALLOWED_HOSTS environment variable to allow requests from this host / port.
[2026-07-16T20:36:53.645Z] error: Host validation failed for: homepage.home.lab. Hint: Set the HOMEPAGE_ALLOWED_HOSTS environment variable to allow requests from this host / port.
[2026-07-16T20:36:53.653Z] error: Host validation failed for: homepage.home.lab. Hint: Set the HOMEPAGE_ALLOWED_HOSTS environment variable to allow requests from this host / port.
[2026-07-16T20:36:53.685Z] error: Host validation failed for: homepage.home.lab. Hint: Set the HOMEPAGE_ALLOWED_HOSTS environment variable to allow requests from this host / port.
[2026-07-16T20:36:54.117Z] error: Host validation failed for: homepage.home.lab. Hint: Set the HOMEPAGE_ALLOWED_HOSTS environment variable to allow requests from this host / port.
[2026-07-16T20:36:54.218Z] error: Host validation failed for: homepage.home.lab. Hint: Set the HOMEPAGE_ALLOWED_HOSTS environment variable to allow requests from this host / port.
[2026-07-16T20:36:54.221Z] error: Host validation failed for: homepage.home.lab. Hint: Set the HOMEPAGE_ALLOWED_HOSTS environment variable to allow requests from this host / port.
[2026-07-16T20:36:54.223Z] error: Host validation failed for: homepage.home.lab. Hint: Set the HOMEPAGE_ALLOWED_HOSTS environment variable to allow requests from this host / port.
[2026-07-16T20:36:54.225Z] error: Host validation failed for: homepage.home.lab. Hint: Set the HOMEPAGE_ALLOWED_HOSTS environment variable to allow requests from this host / port.
[2026-07-16T20:36:54.227Z] error: Host validation failed for: homepage.home.lab. Hint: Set the HOMEPAGE_ALLOWED_HOSTS environment variable to allow requests from this host / port.
[2026-07-16T20:36:54.229Z] error: Host validation failed for: homepage.home.lab. Hint: Set the HOMEPAGE_ALLOWED_HOSTS environment variable to allow requests from this host / port.
[2026-07-16T20:36:54.235Z] error: Host validation failed for: homepage.home.lab. Hint: Set the HOMEPAGE_ALLOWED_HOSTS environment variable to allow requests from this host / port.
[2026-07-16T20:36:54.236Z] error: Host validation failed for: homepage.home.lab. Hint: Set the HOMEPAGE_ALLOWED_HOSTS environment variable to allow requests from this host / port.
[2026-07-16T20:36:54.238Z] error: Host validation failed for: homepage.home.lab. Hint: Set the HOMEPAGE_ALLOWED_HOSTS environment variable to allow requests from this host / port.
[2026-07-16T20:36:54.246Z] error: Host validation failed for: homepage.home.lab. Hint: Set the HOMEPAGE_ALLOWED_HOSTS environment variable to allow requests from this host / port.
[2026-07-16T20:36:54.279Z] error: Host validation failed for: homepage.home.lab. Hint: Set the HOMEPAGE_ALLOWED_HOSTS environment variable to allow requests from this host / port.
[2026-07-16T20:36:54.603Z] error: Host validation failed for: homepage.home.lab. Hint: Set the HOMEPAGE_ALLOWED_HOSTS environment variable to allow requests from this host / port.
[2026-07-16T20:36:54.704Z] error: Host validation failed for: homepage.home.lab. Hint: Set the HOMEPAGE_ALLOWED_HOSTS environment variable to allow requests from this host / port.
[2026-07-16T20:36:54.706Z] error: Host validation failed for: homepage.home.lab. Hint: Set the HOMEPAGE_ALLOWED_HOSTS environment variable to allow requests from this host / port.
[2026-07-16T20:36:54.708Z] error: Host validation failed for: homepage.home.lab. Hint: Set the HOMEPAGE_ALLOWED_HOSTS environment variable to allow requests from this host / port.
[2026-07-16T20:36:54.710Z] error: Host validation failed for: homepage.home.lab. Hint: Set the HOMEPAGE_ALLOWED_HOSTS environment variable to allow requests from this host / port.
[2026-07-16T20:36:54.711Z] error: Host validation failed for: homepage.home.lab. Hint: Set the HOMEPAGE_ALLOWED_HOSTS environment variable to allow requests from this host / port.
[2026-07-16T20:36:54.713Z] error: Host validation failed for: homepage.home.lab. Hint: Set the HOMEPAGE_ALLOWED_HOSTS environment variable to allow requests from this host / port.
[2026-07-16T20:36:54.716Z] error: Host validation failed for: homepage.home.lab. Hint: Set the HOMEPAGE_ALLOWED_HOSTS environment variable to allow requests from this host / port.
[2026-07-16T20:36:54.717Z] error: Host validation failed for: homepage.home.lab. Hint: Set the HOMEPAGE_ALLOWED_HOSTS environment variable to allow requests from this host / port.
[2026-07-16T20:36:54.719Z] error: Host validation failed for: homepage.home.lab. Hint: Set the HOMEPAGE_ALLOWED_HOSTS environment variable to allow requests from this host / port.
[2026-07-16T20:36:54.726Z] error: Host validation failed for: homepage.home.lab. Hint: Set the HOMEPAGE_ALLOWED_HOSTS environment variable to allow requests from this host / port.
[2026-07-16T20:36:54.765Z] error: Host validation failed for: homepage.home.lab. Hint: Set the HOMEPAGE_ALLOWED_HOSTS environment variable to allow requests from this host / port.
[2026-07-16T20:36:55.027Z] error: Host validation failed for: homepage.home.lab. Hint: Set the HOMEPAGE_ALLOWED_HOSTS environment variable to allow requests from this host / port.
[2026-07-16T20:36:55.131Z] error: Host validation failed for: homepage.home.lab. Hint: Set the HOMEPAGE_ALLOWED_HOSTS environment variable to allow requests from this host / port.
[2026-07-16T20:36:55.134Z] error: Host validation failed for: homepage.home.lab. Hint: Set the HOMEPAGE_ALLOWED_HOSTS environment variable to allow requests from this host / port.
[2026-07-16T20:36:55.136Z] error: Host validation failed for: homepage.home.lab. Hint: Set the HOMEPAGE_ALLOWED_HOSTS environment variable to allow requests from this host / port.
[2026-07-16T20:36:55.138Z] error: Host validation failed for: homepage.home.lab. Hint: Set the HOMEPAGE_ALLOWED_HOSTS environment variable to allow requests from this host / port.
[2026-07-16T20:36:55.140Z] error: Host validation failed for: homepage.home.lab. Hint: Set the HOMEPAGE_ALLOWED_HOSTS environment variable to allow requests from this host / port.
[2026-07-16T20:36:55.142Z] error: Host validation failed for: homepage.home.lab. Hint: Set the HOMEPAGE_ALLOWED_HOSTS environment variable to allow requests from this host / port.
[2026-07-16T20:36:55.145Z] error: Host validation failed for: homepage.home.lab. Hint: Set the HOMEPAGE_ALLOWED_HOSTS environment variable to allow requests from this host / port.
[2026-07-16T20:36:55.147Z] error: Host validation failed for: homepage.home.lab. Hint: Set the HOMEPAGE_ALLOWED_HOSTS environment variable to allow requests from this host / port.
[2026-07-16T20:36:55.149Z] error: Host validation failed for: homepage.home.lab. Hint: Set the HOMEPAGE_ALLOWED_HOSTS environment variable to allow requests from this host / port.
[2026-07-16T20:36:55.157Z] error: Host validation failed for: homepage.home.lab. Hint: Set the HOMEPAGE_ALLOWED_HOSTS environment variable to allow requests from this host / port.
[2026-07-16T20:36:55.191Z] error: Host validation failed for: homepage.home.lab. Hint: Set the HOMEPAGE_ALLOWED_HOSTS environment variable to allow requests from this host / port.
[2026-07-16T20:36:55.435Z] error: Host validation failed for: homepage.home.lab. Hint: Set the HOMEPAGE_ALLOWED_HOSTS environment variable to allow requests from this host / port.
[2026-07-16T20:36:55.540Z] error: Host validation failed for: homepage.home.lab. Hint: Set the HOMEPAGE_ALLOWED_HOSTS environment variable to allow requests from this host / port.
[2026-07-16T20:36:55.543Z] error: Host validation failed for: homepage.home.lab. Hint: Set the HOMEPAGE_ALLOWED_HOSTS environment variable to allow requests from this host / port.
[2026-07-16T20:36:55.546Z] error: Host validation failed for: homepage.home.lab. Hint: Set the HOMEPAGE_ALLOWED_HOSTS environment variable to allow requests from this host / port.
[2026-07-16T20:36:55.549Z] error: Host validation failed for: homepage.home.lab. Hint: Set the HOMEPAGE_ALLOWED_HOSTS environment variable to allow requests from this host / port.
[2026-07-16T20:36:55.551Z] error: Host validation failed for: homepage.home.lab. Hint: Set the HOMEPAGE_ALLOWED_HOSTS environment variable to allow requests from this host / port.
[2026-07-16T20:36:55.553Z] error: Host validation failed for: homepage.home.lab. Hint: Set the HOMEPAGE_ALLOWED_HOSTS environment variable to allow requests from this host / port.
[2026-07-16T20:36:55.556Z] error: Host validation failed for: homepage.home.lab. Hint: Set the HOMEPAGE_ALLOWED_HOSTS environment variable to allow requests from this host / port.
[2026-07-16T20:36:55.558Z] error: Host validation failed for: homepage.home.lab. Hint: Set the HOMEPAGE_ALLOWED_HOSTS environment variable to allow requests from this host / port.
[2026-07-16T20:36:55.560Z] error: Host validation failed for: homepage.home.lab. Hint: Set the HOMEPAGE_ALLOWED_HOSTS environment variable to allow requests from this host / port.
[2026-07-16T20:36:55.568Z] error: Host validation failed for: homepage.home.lab. Hint: Set the HOMEPAGE_ALLOWED_HOSTS environment variable to allow requests from this host / port.
[2026-07-16T20:36:55.601Z] error: Host validation failed for: homepage.home.lab. Hint: Set the HOMEPAGE_ALLOWED_HOSTS environment variable to allow requests from this host / port.
[2026-07-16T20:36:55.726Z] error: Host validation failed for: homepage.home.lab. Hint: Set the HOMEPAGE_ALLOWED_HOSTS environment variable to allow requests from this host / port.
[2026-07-16T20:36:55.837Z] error: Host validation failed for: homepage.home.lab. Hint: Set the HOMEPAGE_ALLOWED_HOSTS environment variable to allow requests from this host / port.
[2026-07-16T20:36:55.838Z] error: Host validation failed for: homepage.home.lab. Hint: Set the HOMEPAGE_ALLOWED_HOSTS environment variable to allow requests from this host / port.
[2026-07-16T20:36:55.840Z] error: Host validation failed for: homepage.home.lab. Hint: Set the HOMEPAGE_ALLOWED_HOSTS environment variable to allow requests from this host / port.
[2026-07-16T20:36:55.842Z] error: Host validation failed for: homepage.home.lab. Hint: Set the HOMEPAGE_ALLOWED_HOSTS environment variable to allow requests from this host / port.
[2026-07-16T20:36:55.844Z] error: Host validation failed for: homepage.home.lab. Hint: Set the HOMEPAGE_ALLOWED_HOSTS environment variable to allow requests from this host / port.
[2026-07-16T20:36:55.846Z] error: Host validation failed for: homepage.home.lab. Hint: Set the HOMEPAGE_ALLOWED_HOSTS environment variable to allow requests from this host / port.
[2026-07-16T20:36:55.849Z] error: Host validation failed for: homepage.home.lab. Hint: Set the HOMEPAGE_ALLOWED_HOSTS environment variable to allow requests from this host / port.
[2026-07-16T20:36:55.851Z] error: Host validation failed for: homepage.home.lab. Hint: Set the HOMEPAGE_ALLOWED_HOSTS environment variable to allow requests from this host / port.
[2026-07-16T20:36:55.853Z] error: Host validation failed for: homepage.home.lab. Hint: Set the HOMEPAGE_ALLOWED_HOSTS environment variable to allow requests from this host / port.
[2026-07-16T20:36:55.858Z] error: Host validation failed for: homepage.home.lab. Hint: Set the HOMEPAGE_ALLOWED_HOSTS environment variable to allow requests from this host / port.
[2026-07-16T20:36:55.890Z] error: Host validation failed for: homepage.home.lab. Hint: Set the HOMEPAGE_ALLOWED_HOSTS environment variable to allow requests from this host / port.
[2026-07-16T20:36:55.971Z] error: Host validation failed for: homepage.home.lab. Hint: Set the HOMEPAGE_ALLOWED_HOSTS environment variable to allow requests from this host / port.
[2026-07-16T20:36:56.074Z] error: Host validation failed for: homepage.home.lab. Hint: Set the HOMEPAGE_ALLOWED_HOSTS environment variable to allow requests from this host / port.
[2026-07-16T20:36:56.076Z] error: Host validation failed for: homepage.home.lab. Hint: Set the HOMEPAGE_ALLOWED_HOSTS environment variable to allow requests from this host / port.
[2026-07-16T20:36:56.078Z] error: Host validation failed for: homepage.home.lab. Hint: Set the HOMEPAGE_ALLOWED_HOSTS environment variable to allow requests from this host / port.
[2026-07-16T20:36:56.081Z] error: Host validation failed for: homepage.home.lab. Hint: Set the HOMEPAGE_ALLOWED_HOSTS environment variable to allow requests from this host / port.
[2026-07-16T20:36:56.082Z] error: Host validation failed for: homepage.home.lab. Hint: Set the HOMEPAGE_ALLOWED_HOSTS environment variable to allow requests from this host / port.
[2026-07-16T20:36:56.084Z] error: Host validation failed for: homepage.home.lab. Hint: Set the HOMEPAGE_ALLOWED_HOSTS environment variable to allow requests from this host / port.
[2026-07-16T20:36:56.086Z] error: Host validation failed for: homepage.home.lab. Hint: Set the HOMEPAGE_ALLOWED_HOSTS environment variable to allow requests from this host / port.
[2026-07-16T20:36:56.089Z] error: Host validation failed for: homepage.home.lab. Hint: Set the HOMEPAGE_ALLOWED_HOSTS environment variable to allow requests from this host / port.
[2026-07-16T20:36:56.090Z] error: Host validation failed for: homepage.home.lab. Hint: Set the HOMEPAGE_ALLOWED_HOSTS environment variable to allow requests from this host / port.
[2026-07-16T20:36:56.096Z] error: Host validation failed for: homepage.home.lab. Hint: Set the HOMEPAGE_ALLOWED_HOSTS environment variable to allow requests from this host / port.
[2026-07-16T20:36:56.147Z] error: Host validation failed for: homepage.home.lab. Hint: Set the HOMEPAGE_ALLOWED_HOSTS environment variable to allow requests from this host / port.
[2026-07-16T20:36:56.249Z] error: Host validation failed for: homepage.home.lab. Hint: Set the HOMEPAGE_ALLOWED_HOSTS environment variable to allow requests from this host / port.
[2026-07-16T20:36:56.251Z] error: Host validation failed for: homepage.home.lab. Hint: Set the HOMEPAGE_ALLOWED_HOSTS environment variable to allow requests from this host / port.
[2026-07-16T20:36:56.253Z] error: Host validation failed for: homepage.home.lab. Hint: Set the HOMEPAGE_ALLOWED_HOSTS environment variable to allow requests from this host / port.
[2026-07-16T20:36:56.255Z] error: Host validation failed for: homepage.home.lab. Hint: Set the HOMEPAGE_ALLOWED_HOSTS environment variable to allow requests from this host / port.
[2026-07-16T20:36:56.257Z] error: Host validation failed for: homepage.home.lab. Hint: Set the HOMEPAGE_ALLOWED_HOSTS environment variable to allow requests from this host / port.
[2026-07-16T20:36:56.259Z] error: Host validation failed for: homepage.home.lab. Hint: Set the HOMEPAGE_ALLOWED_HOSTS environment variable to allow requests from this host / port.
[2026-07-16T20:36:56.262Z] error: Host validation failed for: homepage.home.lab. Hint: Set the HOMEPAGE_ALLOWED_HOSTS environment variable to allow requests from this host / port.
[2026-07-16T20:36:56.263Z] error: Host validation failed for: homepage.home.lab. Hint: Set the HOMEPAGE_ALLOWED_HOSTS environment variable to allow requests from this host / port.
[2026-07-16T20:36:56.265Z] error: Host validation failed for: homepage.home.lab. Hint: Set the HOMEPAGE_ALLOWED_HOSTS environment variable to allow requests from this host / port.
[2026-07-16T20:36:56.272Z] error: Host validation failed for: homepage.home.lab. Hint: Set the HOMEPAGE_ALLOWED_HOSTS environment variable to allow requests from this host / port.
[2026-07-16T20:36:56.307Z] error: Host validation failed for: homepage.home.lab. Hint: Set the HOMEPAGE_ALLOWED_HOSTS environment variable to allow requests from this host / port.
[2026-07-16T20:36:56.358Z] error: Host validation failed for: homepage.home.lab. Hint: Set the HOMEPAGE_ALLOWED_HOSTS environment variable to allow requests from this host / port.
[2026-07-16T20:36:56.478Z] error: Host validation failed for: homepage.home.lab. Hint: Set the HOMEPAGE_ALLOWED_HOSTS environment variable to allow requests from this host / port.
[2026-07-16T20:36:56.480Z] error: Host validation failed for: homepage.home.lab. Hint: Set the HOMEPAGE_ALLOWED_HOSTS environment variable to allow requests from this host / port.
[2026-07-16T20:36:56.482Z] error: Host validation failed for: homepage.home.lab. Hint: Set the HOMEPAGE_ALLOWED_HOSTS environment variable to allow requests from this host / port.
[2026-07-16T20:36:56.484Z] error: Host validation failed for: homepage.home.lab. Hint: Set the HOMEPAGE_ALLOWED_HOSTS environment variable to allow requests from this host / port.
[2026-07-16T20:36:56.485Z] error: Host validation failed for: homepage.home.lab. Hint: Set the HOMEPAGE_ALLOWED_HOSTS environment variable to allow requests from this host / port.
[2026-07-16T20:36:56.487Z] error: Host validation failed for: homepage.home.lab. Hint: Set the HOMEPAGE_ALLOWED_HOSTS environment variable to allow requests from this host / port.
[2026-07-16T20:36:56.491Z] error: Host validation failed for: homepage.home.lab. Hint: Set the HOMEPAGE_ALLOWED_HOSTS environment variable to allow requests from this host / port.
[2026-07-16T20:36:56.493Z] error: Host validation failed for: homepage.home.lab. Hint: Set the HOMEPAGE_ALLOWED_HOSTS environment variable to allow requests from this host / port.
[2026-07-16T20:36:56.495Z] error: Host validation failed for: homepage.home.lab. Hint: Set the HOMEPAGE_ALLOWED_HOSTS environment variable to allow requests from this host / port.
[2026-07-16T20:36:56.504Z] error: Host validation failed for: homepage.home.lab. Hint: Set the HOMEPAGE_ALLOWED_HOSTS environment variable to allow requests from this host / port.
[2026-07-16T20:36:56.521Z] error: Host validation failed for: homepage.home.lab. Hint: Set the HOMEPAGE_ALLOWED_HOSTS environment variable to allow requests from this host / port.
[2026-07-16T20:36:56.626Z] error: Host validation failed for: homepage.home.lab. Hint: Set the HOMEPAGE_ALLOWED_HOSTS environment variable to allow requests from this host / port.
[2026-07-16T20:36:56.628Z] error: Host validation failed for: homepage.home.lab. Hint: Set the HOMEPAGE_ALLOWED_HOSTS environment variable to allow requests from this host / port.
[2026-07-16T20:36:56.630Z] error: Host validation failed for: homepage.home.lab. Hint: Set the HOMEPAGE_ALLOWED_HOSTS environment variable to allow requests from this host / port.
[2026-07-16T20:36:56.632Z] error: Host validation failed for: homepage.home.lab. Hint: Set the HOMEPAGE_ALLOWED_HOSTS environment variable to allow requests from this host / port.
[2026-07-16T20:36:56.634Z] error: Host validation failed for: homepage.home.lab. Hint: Set the HOMEPAGE_ALLOWED_HOSTS environment variable to allow requests from this host / port.
[2026-07-16T20:36:56.636Z] error: Host validation failed for: homepage.home.lab. Hint: Set the HOMEPAGE_ALLOWED_HOSTS environment variable to allow requests from this host / port.
[2026-07-16T20:36:56.639Z] error: Host validation failed for: homepage.home.lab. Hint: Set the HOMEPAGE_ALLOWED_HOSTS environment variable to allow requests from this host / port.
[2026-07-16T20:36:56.641Z] error: Host validation failed for: homepage.home.lab. Hint: Set the HOMEPAGE_ALLOWED_HOSTS environment variable to allow requests from this host / port.
[2026-07-16T20:36:56.643Z] error: Host validation failed for: homepage.home.lab. Hint: Set the HOMEPAGE_ALLOWED_HOSTS environment variable to allow requests from this host / port.
[2026-07-16T20:36:56.653Z] error: Host validation failed for: homepage.home.lab. Hint: Set the HOMEPAGE_ALLOWED_HOSTS environment variable to allow requests from this host / port.
[2026-07-16T20:36:56.682Z] error: Host validation failed for: homepage.home.lab. Hint: Set the HOMEPAGE_ALLOWED_HOSTS environment variable to allow requests from this host / port.
[2026-07-16T20:36:56.785Z] error: Host validation failed for: homepage.home.lab. Hint: Set the HOMEPAGE_ALLOWED_HOSTS environment variable to allow requests from this host / port.
[2026-07-16T20:36:56.897Z] error: Host validation failed for: homepage.home.lab. Hint: Set the HOMEPAGE_ALLOWED_HOSTS environment variable to allow requests from this host / port.
[2026-07-16T20:36:56.901Z] error: Host validation failed for: homepage.home.lab. Hint: Set the HOMEPAGE_ALLOWED_HOSTS environment variable to allow requests from this host / port.
[2026-07-16T20:36:56.903Z] error: Host validation failed for: homepage.home.lab. Hint: Set the HOMEPAGE_ALLOWED_HOSTS environment variable to allow requests from this host / port.
[2026-07-16T20:36:56.905Z] error: Host validation failed for: homepage.home.lab. Hint: Set the HOMEPAGE_ALLOWED_HOSTS environment variable to allow requests from this host / port.
[2026-07-16T20:36:56.907Z] error: Host validation failed for: homepage.home.lab. Hint: Set the HOMEPAGE_ALLOWED_HOSTS environment variable to allow requests from this host / port.
[2026-07-16T20:36:56.909Z] error: Host validation failed for: homepage.home.lab. Hint: Set the HOMEPAGE_ALLOWED_HOSTS environment variable to allow requests from this host / port.
[2026-07-16T20:36:56.916Z] error: Host validation failed for: homepage.home.lab. Hint: Set the HOMEPAGE_ALLOWED_HOSTS environment variable to allow requests from this host / port.
[2026-07-16T20:36:56.918Z] error: Host validation failed for: homepage.home.lab. Hint: Set the HOMEPAGE_ALLOWED_HOSTS environment variable to allow requests from this host / port.
[2026-07-16T20:36:56.920Z] error: Host validation failed for: homepage.home.lab. Hint: Set the HOMEPAGE_ALLOWED_HOSTS environment variable to allow requests from this host / port.
[2026-07-16T20:36:56.922Z] error: Host validation failed for: homepage.home.lab. Hint: Set the HOMEPAGE_ALLOWED_HOSTS environment variable to allow requests from this host / port.
[2026-07-16T20:36:56.939Z] error: Host validation failed for: homepage.home.lab. Hint: Set the HOMEPAGE_ALLOWED_HOSTS environment variable to allow requests from this host / port.
[2026-07-16T20:36:56.959Z] error: Host validation failed for: homepage.home.lab. Hint: Set the HOMEPAGE_ALLOWED_HOSTS environment variable to allow requests from this host / port.
[2026-07-16T20:36:57.072Z] error: Host validation failed for: homepage.home.lab. Hint: Set the HOMEPAGE_ALLOWED_HOSTS environment variable to allow requests from this host / port.
[2026-07-16T20:36:57.075Z] error: Host validation failed for: homepage.home.lab. Hint: Set the HOMEPAGE_ALLOWED_HOSTS environment variable to allow requests from this host / port.
[2026-07-16T20:36:57.076Z] error: Host validation failed for: homepage.home.lab. Hint: Set the HOMEPAGE_ALLOWED_HOSTS environment variable to allow requests from this host / port.
[2026-07-16T20:36:57.078Z] error: Host validation failed for: homepage.home.lab. Hint: Set the HOMEPAGE_ALLOWED_HOSTS environment variable to allow requests from this host / port.
[2026-07-16T20:36:57.080Z] error: Host validation failed for: homepage.home.lab. Hint: Set the HOMEPAGE_ALLOWED_HOSTS environment variable to allow requests from this host / port.
[2026-07-16T20:36:57.081Z] error: Host validation failed for: homepage.home.lab. Hint: Set the HOMEPAGE_ALLOWED_HOSTS environment variable to allow requests from this host / port.
[2026-07-16T20:36:57.084Z] error: Host validation failed for: homepage.home.lab. Hint: Set the HOMEPAGE_ALLOWED_HOSTS environment variable to allow requests from this host / port.
[2026-07-16T20:36:57.086Z] error: Host validation failed for: homepage.home.lab. Hint: Set the HOMEPAGE_ALLOWED_HOSTS environment variable to allow requests from this host / port.
[2026-07-16T20:36:57.087Z] error: Host validation failed for: homepage.home.lab. Hint: Set the HOMEPAGE_ALLOWED_HOSTS environment variable to allow requests from this host / port.
[2026-07-16T20:36:57.095Z] error: Host validation failed for: homepage.home.lab. Hint: Set the HOMEPAGE_ALLOWED_HOSTS environment variable to allow requests from this host / port.
[2026-07-16T20:36:57.131Z] error: Host validation failed for: homepage.home.lab. Hint: Set the HOMEPAGE_ALLOWED_HOSTS environment variable to allow requests from this host / port.
[2026-07-16T20:36:57.656Z] error: Host validation failed for: homepage.home.lab. Hint: Set the HOMEPAGE_ALLOWED_HOSTS environment variable to allow requests from this host / port.
[2026-07-16T20:36:57.774Z] error: Host validation failed for: homepage.home.lab. Hint: Set the HOMEPAGE_ALLOWED_HOSTS environment variable to allow requests from this host / port.
[2026-07-16T20:36:57.776Z] error: Host validation failed for: homepage.home.lab. Hint: Set the HOMEPAGE_ALLOWED_HOSTS environment variable to allow requests from this host / port.
[2026-07-16T20:36:57.779Z] error: Host validation failed for: homepage.home.lab. Hint: Set the HOMEPAGE_ALLOWED_HOSTS environment variable to allow requests from this host / port.
[2026-07-16T20:36:57.781Z] error: Host validation failed for: homepage.home.lab. Hint: Set the HOMEPAGE_ALLOWED_HOSTS environment variable to allow requests from this host / port.
[2026-07-16T20:36:57.783Z] error: Host validation failed for: homepage.home.lab. Hint: Set the HOMEPAGE_ALLOWED_HOSTS environment variable to allow requests from this host / port.
[2026-07-16T20:36:57.785Z] error: Host validation failed for: homepage.home.lab. Hint: Set the HOMEPAGE_ALLOWED_HOSTS environment variable to allow requests from this host / port.
[2026-07-16T20:36:57.788Z] error: Host validation failed for: homepage.home.lab. Hint: Set the HOMEPAGE_ALLOWED_HOSTS environment variable to allow requests from this host / port.
[2026-07-16T20:36:57.790Z] error: Host validation failed for: homepage.home.lab. Hint: Set the HOMEPAGE_ALLOWED_HOSTS environment variable to allow requests from this host / port.
[2026-07-16T20:36:57.792Z] error: Host validation failed for: homepage.home.lab. Hint: Set the HOMEPAGE_ALLOWED_HOSTS environment variable to allow requests from this host / port.
[2026-07-16T20:36:57.799Z] error: Host validation failed for: homepage.home.lab. Hint: Set the HOMEPAGE_ALLOWED_HOSTS environment variable to allow requests from this host / port.
[2026-07-16T20:36:57.834Z] error: Host validation failed for: homepage.home.lab. Hint: Set the HOMEPAGE_ALLOWED_HOSTS environment variable to allow requests from this host / port.
[2026-07-16T20:37:23.685Z] error: Host validation failed for: homepage.home.lab. Hint: Set the HOMEPAGE_ALLOWED_HOSTS environment variable to allow requests from this host / port.
[2026-07-16T20:37:23.689Z] error: Host validation failed for: homepage.home.lab. Hint: Set the HOMEPAGE_ALLOWED_HOSTS environment variable to allow requests from this host / port.
[2026-07-16T20:37:25.239Z] error: Host validation failed for: homepage.home.lab. Hint: Set the HOMEPAGE_ALLOWED_HOSTS environment variable to allow requests from this host / port.
[2026-07-16T20:37:25.340Z] error: Host validation failed for: homepage.home.lab. Hint: Set the HOMEPAGE_ALLOWED_HOSTS environment variable to allow requests from this host / port.
[2026-07-16T20:37:25.342Z] error: Host validation failed for: homepage.home.lab. Hint: Set the HOMEPAGE_ALLOWED_HOSTS environment variable to allow requests from this host / port.
[2026-07-16T20:37:25.345Z] error: Host validation failed for: homepage.home.lab. Hint: Set the HOMEPAGE_ALLOWED_HOSTS environment variable to allow requests from this host / port.
[2026-07-16T20:37:25.348Z] error: Host validation failed for: homepage.home.lab. Hint: Set the HOMEPAGE_ALLOWED_HOSTS environment variable to allow requests from this host / port.
[2026-07-16T20:37:25.350Z] error: Host validation failed for: homepage.home.lab. Hint: Set the HOMEPAGE_ALLOWED_HOSTS environment variable to allow requests from this host / port.
[2026-07-16T20:37:25.352Z] error: Host validation failed for: homepage.home.lab. Hint: Set the HOMEPAGE_ALLOWED_HOSTS environment variable to allow requests from this host / port.
[2026-07-16T20:37:25.355Z] error: Host validation failed for: homepage.home.lab. Hint: Set the HOMEPAGE_ALLOWED_HOSTS environment variable to allow requests from this host / port.
[2026-07-16T20:37:25.357Z] error: Host validation failed for: homepage.home.lab. Hint: Set the HOMEPAGE_ALLOWED_HOSTS environment variable to allow requests from this host / port.
[2026-07-16T20:37:25.360Z] error: Host validation failed for: homepage.home.lab. Hint: Set the HOMEPAGE_ALLOWED_HOSTS environment variable to allow requests from this host / port.
[2026-07-16T20:37:25.363Z] error: Host validation failed for: homepage.home.lab. Hint: Set the HOMEPAGE_ALLOWED_HOSTS environment variable to allow requests from this host / port.
[2026-07-16T20:37:25.367Z] error: Host validation failed for: homepage.home.lab. Hint: Set the HOMEPAGE_ALLOWED_HOSTS environment variable to allow requests from this host / port.
[2026-07-16T20:37:25.409Z] error: Host validation failed for: homepage.home.lab. Hint: Set the HOMEPAGE_ALLOWED_HOSTS environment variable to allow requests from this host / port.
[2026-07-16T20:37:41.986Z] error: Host validation failed for: homepage.home.lab. Hint: Set the HOMEPAGE_ALLOWED_HOSTS environment variable to allow requests from this host / port.
[2026-07-16T20:37:41.989Z] error: Host validation failed for: homepage.home.lab. Hint: Set the HOMEPAGE_ALLOWED_HOSTS environment variable to allow requests from this host / port.
[2026-07-16T20:37:41.993Z] error: Host validation failed for: homepage.home.lab. Hint: Set the HOMEPAGE_ALLOWED_HOSTS environment variable to allow requests from this host / port.
[2026-07-16T20:37:45.589Z] error: Host validation failed for: homepage.home.lab. Hint: Set the HOMEPAGE_ALLOWED_HOSTS environment variable to allow requests from this host / port.
[2026-07-16T20:37:47.406Z] error: Host validation failed for: homepage.home.lab. Hint: Set the HOMEPAGE_ALLOWED_HOSTS environment variable to allow requests from this host / port.
[2026-07-16T20:37:47.413Z] error: Host validation failed for: homepage.home.lab. Hint: Set the HOMEPAGE_ALLOWED_HOSTS environment variable to allow requests from this host / port.
[2026-07-16T20:38:21.053Z] error: Host validation failed for: homepage.home.lab. Hint: Set the HOMEPAGE_ALLOWED_HOSTS environment variable to allow requests from this host / port.
[2026-07-16T20:38:21.164Z] error: Host validation failed for: homepage.home.lab. Hint: Set the HOMEPAGE_ALLOWED_HOSTS environment variable to allow requests from this host / port.
[2026-07-16T20:38:21.169Z] error: Host validation failed for: homepage.home.lab. Hint: Set the HOMEPAGE_ALLOWED_HOSTS environment variable to allow requests from this host / port.
[2026-07-16T20:38:21.176Z] error: Host validation failed for: homepage.home.lab. Hint: Set the HOMEPAGE_ALLOWED_HOSTS environment variable to allow requests from this host / port.
[2026-07-16T20:38:21.179Z] error: Host validation failed for: homepage.home.lab. Hint: Set the HOMEPAGE_ALLOWED_HOSTS environment variable to allow requests from this host / port.
[2026-07-16T20:38:21.183Z] error: Host validation failed for: homepage.home.lab. Hint: Set the HOMEPAGE_ALLOWED_HOSTS environment variable to allow requests from this host / port.
[2026-07-16T20:38:21.186Z] error: Host validation failed for: homepage.home.lab. Hint: Set the HOMEPAGE_ALLOWED_HOSTS environment variable to allow requests from this host / port.
[2026-07-16T20:38:21.190Z] error: Host validation failed for: homepage.home.lab. Hint: Set the HOMEPAGE_ALLOWED_HOSTS environment variable to allow requests from this host / port.
[2026-07-16T20:38:21.193Z] error: Host validation failed for: homepage.home.lab. Hint: Set the HOMEPAGE_ALLOWED_HOSTS environment variable to allow requests from this host / port.
[2026-07-16T20:38:21.197Z] error: Host validation failed for: homepage.home.lab. Hint: Set the HOMEPAGE_ALLOWED_HOSTS environment variable to allow requests from this host / port.
[2026-07-16T20:38:21.200Z] error: Host validation failed for: homepage.home.lab. Hint: Set the HOMEPAGE_ALLOWED_HOSTS environment variable to allow requests from this host / port.
[2026-07-16T20:38:21.235Z] error: Host validation failed for: homepage.home.lab. Hint: Set the HOMEPAGE_ALLOWED_HOSTS environment variable to allow requests from this host / port.
[2026-07-16T20:38:21.988Z] error: Host validation failed for: homepage.home.lab. Hint: Set the HOMEPAGE_ALLOWED_HOSTS environment variable to allow requests from this host / port.
[2026-07-16T20:38:22.093Z] error: Host validation failed for: homepage.home.lab. Hint: Set the HOMEPAGE_ALLOWED_HOSTS environment variable to allow requests from this host / port.
[2026-07-16T20:38:22.097Z] error: Host validation failed for: homepage.home.lab. Hint: Set the HOMEPAGE_ALLOWED_HOSTS environment variable to allow requests from this host / port.
[2026-07-16T20:38:22.098Z] error: Host validation failed for: homepage.home.lab. Hint: Set the HOMEPAGE_ALLOWED_HOSTS environment variable to allow requests from this host / port.
[2026-07-16T20:38:22.100Z] error: Host validation failed for: homepage.home.lab. Hint: Set the HOMEPAGE_ALLOWED_HOSTS environment variable to allow requests from this host / port.
[2026-07-16T20:38:22.103Z] error: Host validation failed for: homepage.home.lab. Hint: Set the HOMEPAGE_ALLOWED_HOSTS environment variable to allow requests from this host / port.
[2026-07-16T20:38:22.104Z] error: Host validation failed for: homepage.home.lab. Hint: Set the HOMEPAGE_ALLOWED_HOSTS environment variable to allow requests from this host / port.
[2026-07-16T20:38:22.107Z] error: Host validation failed for: homepage.home.lab. Hint: Set the HOMEPAGE_ALLOWED_HOSTS environment variable to allow requests from this host / port.
[2026-07-16T20:38:22.109Z] error: Host validation failed for: homepage.home.lab. Hint: Set the HOMEPAGE_ALLOWED_HOSTS environment variable to allow requests from this host / port.
[2026-07-16T20:38:22.111Z] error: Host validation failed for: homepage.home.lab. Hint: Set the HOMEPAGE_ALLOWED_HOSTS environment variable to allow requests from this host / port.
[2026-07-16T20:38:22.113Z] error: Host validation failed for: homepage.home.lab. Hint: Set the HOMEPAGE_ALLOWED_HOSTS environment variable to allow requests from this host / port.
[2026-07-16T20:38:22.163Z] error: Host validation failed for: homepage.home.lab. Hint: Set the HOMEPAGE_ALLOWED_HOSTS environment variable to allow requests from this host / port.
[2026-07-16T20:38:22.529Z] error: Host validation failed for: homepage.home.lab. Hint: Set the HOMEPAGE_ALLOWED_HOSTS environment variable to allow requests from this host / port.
[2026-07-16T20:38:22.638Z] error: Host validation failed for: homepage.home.lab. Hint: Set the HOMEPAGE_ALLOWED_HOSTS environment variable to allow requests from this host / port.
[2026-07-16T20:38:22.641Z] error: Host validation failed for: homepage.home.lab. Hint: Set the HOMEPAGE_ALLOWED_HOSTS environment variable to allow requests from this host / port.
[2026-07-16T20:38:22.644Z] error: Host validation failed for: homepage.home.lab. Hint: Set the HOMEPAGE_ALLOWED_HOSTS environment variable to allow requests from this host / port.
[2026-07-16T20:38:22.647Z] error: Host validation failed for: homepage.home.lab. Hint: Set the HOMEPAGE_ALLOWED_HOSTS environment variable to allow requests from this host / port.
[2026-07-16T20:38:22.650Z] error: Host validation failed for: homepage.home.lab. Hint: Set the HOMEPAGE_ALLOWED_HOSTS environment variable to allow requests from this host / port.
[2026-07-16T20:38:22.653Z] error: Host validation failed for: homepage.home.lab. Hint: Set the HOMEPAGE_ALLOWED_HOSTS environment variable to allow requests from this host / port.
[2026-07-16T20:38:22.655Z] error: Host validation failed for: homepage.home.lab. Hint: Set the HOMEPAGE_ALLOWED_HOSTS environment variable to allow requests from this host / port.
[2026-07-16T20:38:22.657Z] error: Host validation failed for: homepage.home.lab. Hint: Set the HOMEPAGE_ALLOWED_HOSTS environment variable to allow requests from this host / port.
[2026-07-16T20:38:22.660Z] error: Host validation failed for: homepage.home.lab. Hint: Set the HOMEPAGE_ALLOWED_HOSTS environment variable to allow requests from this host / port.
[2026-07-16T20:38:22.662Z] error: Host validation failed for: homepage.home.lab. Hint: Set the HOMEPAGE_ALLOWED_HOSTS environment variable to allow requests from this host / port.
[2026-07-16T20:38:22.705Z] error: Host validation failed for: homepage.home.lab. Hint: Set the HOMEPAGE_ALLOWED_HOSTS environment variable to allow requests from this host / port.
[2026-07-16T20:38:22.833Z] error: Host validation failed for: homepage.home.lab. Hint: Set the HOMEPAGE_ALLOWED_HOSTS environment variable to allow requests from this host / port.
[2026-07-16T20:38:22.933Z] error: Host validation failed for: homepage.home.lab. Hint: Set the HOMEPAGE_ALLOWED_HOSTS environment variable to allow requests from this host / port.
[2026-07-16T20:38:22.935Z] error: Host validation failed for: homepage.home.lab. Hint: Set the HOMEPAGE_ALLOWED_HOSTS environment variable to allow requests from this host / port.
[2026-07-16T20:38:22.937Z] error: Host validation failed for: homepage.home.lab. Hint: Set the HOMEPAGE_ALLOWED_HOSTS environment variable to allow requests from this host / port.
[2026-07-16T20:38:22.939Z] error: Host validation failed for: homepage.home.lab. Hint: Set the HOMEPAGE_ALLOWED_HOSTS environment variable to allow requests from this host / port.
[2026-07-16T20:38:22.941Z] error: Host validation failed for: homepage.home.lab. Hint: Set the HOMEPAGE_ALLOWED_HOSTS environment variable to allow requests from this host / port.
[2026-07-16T20:38:22.943Z] error: Host validation failed for: homepage.home.lab. Hint: Set the HOMEPAGE_ALLOWED_HOSTS environment variable to allow requests from this host / port.
[2026-07-16T20:38:22.945Z] error: Host validation failed for: homepage.home.lab. Hint: Set the HOMEPAGE_ALLOWED_HOSTS environment variable to allow requests from this host / port.
[2026-07-16T20:38:22.948Z] error: Host validation failed for: homepage.home.lab. Hint: Set the HOMEPAGE_ALLOWED_HOSTS environment variable to allow requests from this host / port.
[2026-07-16T20:38:22.949Z] error: Host validation failed for: homepage.home.lab. Hint: Set the HOMEPAGE_ALLOWED_HOSTS environment variable to allow requests from this host / port.
[2026-07-16T20:38:22.951Z] error: Host validation failed for: homepage.home.lab. Hint: Set the HOMEPAGE_ALLOWED_HOSTS environment variable to allow requests from this host / port.
[2026-07-16T20:38:22.987Z] error: Host validation failed for: homepage.home.lab. Hint: Set the HOMEPAGE_ALLOWED_HOSTS environment variable to allow requests from this host / port.
[2026-07-16T20:38:22.996Z] error: Host validation failed for: homepage.home.lab. Hint: Set the HOMEPAGE_ALLOWED_HOSTS environment variable to allow requests from this host / port.
[2026-07-16T20:38:23.069Z] error: Host validation failed for: homepage.home.lab. Hint: Set the HOMEPAGE_ALLOWED_HOSTS environment variable to allow requests from this host / port.
[2026-07-16T20:38:23.194Z] error: Host validation failed for: homepage.home.lab. Hint: Set the HOMEPAGE_ALLOWED_HOSTS environment variable to allow requests from this host / port.
[2026-07-16T20:38:23.196Z] error: Host validation failed for: homepage.home.lab. Hint: Set the HOMEPAGE_ALLOWED_HOSTS environment variable to allow requests from this host / port.
[2026-07-16T20:38:23.199Z] error: Host validation failed for: homepage.home.lab. Hint: Set the HOMEPAGE_ALLOWED_HOSTS environment variable to allow requests from this host / port.
[2026-07-16T20:38:23.200Z] error: Host validation failed for: homepage.home.lab. Hint: Set the HOMEPAGE_ALLOWED_HOSTS environment variable to allow requests from this host / port.
[2026-07-16T20:38:23.202Z] error: Host validation failed for: homepage.home.lab. Hint: Set the HOMEPAGE_ALLOWED_HOSTS environment variable to allow requests from this host / port.
[2026-07-16T20:38:23.205Z] error: Host validation failed for: homepage.home.lab. Hint: Set the HOMEPAGE_ALLOWED_HOSTS environment variable to allow requests from this host / port.
[2026-07-16T20:38:23.208Z] error: Host validation failed for: homepage.home.lab. Hint: Set the HOMEPAGE_ALLOWED_HOSTS environment variable to allow requests from this host / port.
[2026-07-16T20:38:23.210Z] error: Host validation failed for: homepage.home.lab. Hint: Set the HOMEPAGE_ALLOWED_HOSTS environment variable to allow requests from this host / port.
[2026-07-16T20:38:23.212Z] error: Host validation failed for: homepage.home.lab. Hint: Set the HOMEPAGE_ALLOWED_HOSTS environment variable to allow requests from this host / port.
[2026-07-16T20:38:23.214Z] error: Host validation failed for: homepage.home.lab. Hint: Set the HOMEPAGE_ALLOWED_HOSTS environment variable to allow requests from this host / port.
[2026-07-16T20:38:23.222Z] error: Host validation failed for: homepage.home.lab. Hint: Set the HOMEPAGE_ALLOWED_HOSTS environment variable to allow requests from this host / port.
[2026-07-16T20:38:23.332Z] error: Host validation failed for: homepage.home.lab. Hint: Set the HOMEPAGE_ALLOWED_HOSTS environment variable to allow requests from this host / port.
[2026-07-16T20:38:23.335Z] error: Host validation failed for: homepage.home.lab. Hint: Set the HOMEPAGE_ALLOWED_HOSTS environment variable to allow requests from this host / port.
[2026-07-16T20:38:23.337Z] error: Host validation failed for: homepage.home.lab. Hint: Set the HOMEPAGE_ALLOWED_HOSTS environment variable to allow requests from this host / port.
[2026-07-16T20:38:23.339Z] error: Host validation failed for: homepage.home.lab. Hint: Set the HOMEPAGE_ALLOWED_HOSTS environment variable to allow requests from this host / port.
[2026-07-16T20:38:23.342Z] error: Host validation failed for: homepage.home.lab. Hint: Set the HOMEPAGE_ALLOWED_HOSTS environment variable to allow requests from this host / port.
[2026-07-16T20:38:23.344Z] error: Host validation failed for: homepage.home.lab. Hint: Set the HOMEPAGE_ALLOWED_HOSTS environment variable to allow requests from this host / port.
[2026-07-16T20:38:23.346Z] error: Host validation failed for: homepage.home.lab. Hint: Set the HOMEPAGE_ALLOWED_HOSTS environment variable to allow requests from this host / port.
[2026-07-16T20:38:23.349Z] error: Host validation failed for: homepage.home.lab. Hint: Set the HOMEPAGE_ALLOWED_HOSTS environment variable to allow requests from this host / port.
[2026-07-16T20:38:23.350Z] error: Host validation failed for: homepage.home.lab. Hint: Set the HOMEPAGE_ALLOWED_HOSTS environment variable to allow requests from this host / port.
[2026-07-16T20:38:23.352Z] error: Host validation failed for: homepage.home.lab. Hint: Set the HOMEPAGE_ALLOWED_HOSTS environment variable to allow requests from this host / port.
[2026-07-16T20:38:23.392Z] error: Host validation failed for: homepage.home.lab. Hint: Set the HOMEPAGE_ALLOWED_HOSTS environment variable to allow requests from this host / port.
[2026-07-16T20:38:23.498Z] error: Host validation failed for: homepage.home.lab. Hint: Set the HOMEPAGE_ALLOWED_HOSTS environment variable to allow requests from this host / port.
[2026-07-16T20:38:23.500Z] error: Host validation failed for: homepage.home.lab. Hint: Set the HOMEPAGE_ALLOWED_HOSTS environment variable to allow requests from this host / port.
[2026-07-16T20:38:23.502Z] error: Host validation failed for: homepage.home.lab. Hint: Set the HOMEPAGE_ALLOWED_HOSTS environment variable to allow requests from this host / port.
[2026-07-16T20:38:23.504Z] error: Host validation failed for: homepage.home.lab. Hint: Set the HOMEPAGE_ALLOWED_HOSTS environment variable to allow requests from this host / port.
[2026-07-16T20:38:23.506Z] error: Host validation failed for: homepage.home.lab. Hint: Set the HOMEPAGE_ALLOWED_HOSTS environment variable to allow requests from this host / port.
[2026-07-16T20:38:23.508Z] error: Host validation failed for: homepage.home.lab. Hint: Set the HOMEPAGE_ALLOWED_HOSTS environment variable to allow requests from this host / port.
[2026-07-16T20:38:23.510Z] error: Host validation failed for: homepage.home.lab. Hint: Set the HOMEPAGE_ALLOWED_HOSTS environment variable to allow requests from this host / port.
[2026-07-16T20:38:23.513Z] error: Host validation failed for: homepage.home.lab. Hint: Set the HOMEPAGE_ALLOWED_HOSTS environment variable to allow requests from this host / port.
[2026-07-16T20:38:23.514Z] error: Host validation failed for: homepage.home.lab. Hint: Set the HOMEPAGE_ALLOWED_HOSTS environment variable to allow requests from this host / port.
[2026-07-16T20:38:23.516Z] error: Host validation failed for: homepage.home.lab. Hint: Set the HOMEPAGE_ALLOWED_HOSTS environment variable to allow requests from this host / port.
[2026-07-16T20:38:23.542Z] error: Host validation failed for: homepage.home.lab. Hint: Set the HOMEPAGE_ALLOWED_HOSTS environment variable to allow requests from this host / port.
[2026-07-16T20:38:23.651Z] error: Host validation failed for: homepage.home.lab. Hint: Set the HOMEPAGE_ALLOWED_HOSTS environment variable to allow requests from this host / port.
[2026-07-16T20:38:23.653Z] error: Host validation failed for: homepage.home.lab. Hint: Set the HOMEPAGE_ALLOWED_HOSTS environment variable to allow requests from this host / port.
[2026-07-16T20:38:23.656Z] error: Host validation failed for: homepage.home.lab. Hint: Set the HOMEPAGE_ALLOWED_HOSTS environment variable to allow requests from this host / port.
[2026-07-16T20:38:23.658Z] error: Host validation failed for: homepage.home.lab. Hint: Set the HOMEPAGE_ALLOWED_HOSTS environment variable to allow requests from this host / port.
[2026-07-16T20:38:23.661Z] error: Host validation failed for: homepage.home.lab. Hint: Set the HOMEPAGE_ALLOWED_HOSTS environment variable to allow requests from this host / port.
[2026-07-16T20:38:23.663Z] error: Host validation failed for: homepage.home.lab. Hint: Set the HOMEPAGE_ALLOWED_HOSTS environment variable to allow requests from this host / port.
[2026-07-16T20:38:23.664Z] error: Host validation failed for: homepage.home.lab. Hint: Set the HOMEPAGE_ALLOWED_HOSTS environment variable to allow requests from this host / port.
[2026-07-16T20:38:23.668Z] error: Host validation failed for: homepage.home.lab. Hint: Set the HOMEPAGE_ALLOWED_HOSTS environment variable to allow requests from this host / port.
[2026-07-16T20:38:23.672Z] error: Host validation failed for: homepage.home.lab. Hint: Set the HOMEPAGE_ALLOWED_HOSTS environment variable to allow requests from this host / port.
[2026-07-16T20:38:23.673Z] error: Host validation failed for: homepage.home.lab. Hint: Set the HOMEPAGE_ALLOWED_HOSTS environment variable to allow requests from this host / port.
[2026-07-16T20:38:23.709Z] error: Host validation failed for: homepage.home.lab. Hint: Set the HOMEPAGE_ALLOWED_HOSTS environment variable to allow requests from this host / port.
[2026-07-16T20:38:23.795Z] error: Host validation failed for: homepage.home.lab. Hint: Set the HOMEPAGE_ALLOWED_HOSTS environment variable to allow requests from this host / port.
[2026-07-16T20:38:23.906Z] error: Host validation failed for: homepage.home.lab. Hint: Set the HOMEPAGE_ALLOWED_HOSTS environment variable to allow requests from this host / port.
[2026-07-16T20:38:23.908Z] error: Host validation failed for: homepage.home.lab. Hint: Set the HOMEPAGE_ALLOWED_HOSTS environment variable to allow requests from this host / port.
[2026-07-16T20:38:23.910Z] error: Host validation failed for: homepage.home.lab. Hint: Set the HOMEPAGE_ALLOWED_HOSTS environment variable to allow requests from this host / port.
[2026-07-16T20:38:23.911Z] error: Host validation failed for: homepage.home.lab. Hint: Set the HOMEPAGE_ALLOWED_HOSTS environment variable to allow requests from this host / port.
[2026-07-16T20:38:23.913Z] error: Host validation failed for: homepage.home.lab. Hint: Set the HOMEPAGE_ALLOWED_HOSTS environment variable to allow requests from this host / port.
[2026-07-16T20:38:23.914Z] error: Host validation failed for: homepage.home.lab. Hint: Set the HOMEPAGE_ALLOWED_HOSTS environment variable to allow requests from this host / port.
[2026-07-16T20:38:23.916Z] error: Host validation failed for: homepage.home.lab. Hint: Set the HOMEPAGE_ALLOWED_HOSTS environment variable to allow requests from this host / port.
[2026-07-16T20:38:23.919Z] error: Host validation failed for: homepage.home.lab. Hint: Set the HOMEPAGE_ALLOWED_HOSTS environment variable to allow requests from this host / port.
[2026-07-16T20:38:23.920Z] error: Host validation failed for: homepage.home.lab. Hint: Set the HOMEPAGE_ALLOWED_HOSTS environment variable to allow requests from this host / port.
[2026-07-16T20:38:23.922Z] error: Host validation failed for: homepage.home.lab. Hint: Set the HOMEPAGE_ALLOWED_HOSTS environment variable to allow requests from this host / port.
[2026-07-16T20:38:23.949Z] error: Host validation failed for: homepage.home.lab. Hint: Set the HOMEPAGE_ALLOWED_HOSTS environment variable to allow requests from this host / port.
[2026-07-16T20:38:24.042Z] error: Host validation failed for: homepage.home.lab. Hint: Set the HOMEPAGE_ALLOWED_HOSTS environment variable to allow requests from this host / port.
[2026-07-16T20:38:24.045Z] error: Host validation failed for: homepage.home.lab. Hint: Set the HOMEPAGE_ALLOWED_HOSTS environment variable to allow requests from this host / port.
[2026-07-16T20:38:24.048Z] error: Host validation failed for: homepage.home.lab. Hint: Set the HOMEPAGE_ALLOWED_HOSTS environment variable to allow requests from this host / port.
[2026-07-16T20:38:24.050Z] error: Host validation failed for: homepage.home.lab. Hint: Set the HOMEPAGE_ALLOWED_HOSTS environment variable to allow requests from this host / port.
[2026-07-16T20:38:24.052Z] error: Host validation failed for: homepage.home.lab. Hint: Set the HOMEPAGE_ALLOWED_HOSTS environment variable to allow requests from this host / port.
[2026-07-16T20:38:24.054Z] error: Host validation failed for: homepage.home.lab. Hint: Set the HOMEPAGE_ALLOWED_HOSTS environment variable to allow requests from this host / port.
[2026-07-16T20:38:24.056Z] error: Host validation failed for: homepage.home.lab. Hint: Set the HOMEPAGE_ALLOWED_HOSTS environment variable to allow requests from this host / port.
[2026-07-16T20:38:24.058Z] error: Host validation failed for: homepage.home.lab. Hint: Set the HOMEPAGE_ALLOWED_HOSTS environment variable to allow requests from this host / port.
[2026-07-16T20:38:24.060Z] error: Host validation failed for: homepage.home.lab. Hint: Set the HOMEPAGE_ALLOWED_HOSTS environment variable to allow requests from this host / port.
[2026-07-16T20:38:24.061Z] error: Host validation failed for: homepage.home.lab. Hint: Set the HOMEPAGE_ALLOWED_HOSTS environment variable to allow requests from this host / port.
[2026-07-16T20:38:24.087Z] error: Host validation failed for: homepage.home.lab. Hint: Set the HOMEPAGE_ALLOWED_HOSTS environment variable to allow requests from this host / port.
[2026-07-16T20:38:24.204Z] error: Host validation failed for: homepage.home.lab. Hint: Set the HOMEPAGE_ALLOWED_HOSTS environment variable to allow requests from this host / port.
[2026-07-16T20:38:24.206Z] error: Host validation failed for: homepage.home.lab. Hint: Set the HOMEPAGE_ALLOWED_HOSTS environment variable to allow requests from this host / port.
[2026-07-16T20:38:24.209Z] error: Host validation failed for: homepage.home.lab. Hint: Set the HOMEPAGE_ALLOWED_HOSTS environment variable to allow requests from this host / port.
[2026-07-16T20:38:24.211Z] error: Host validation failed for: homepage.home.lab. Hint: Set the HOMEPAGE_ALLOWED_HOSTS environment variable to allow requests from this host / port.
[2026-07-16T20:38:24.213Z] error: Host validation failed for: homepage.home.lab. Hint: Set the HOMEPAGE_ALLOWED_HOSTS environment variable to allow requests from this host / port.
[2026-07-16T20:38:24.215Z] error: Host validation failed for: homepage.home.lab. Hint: Set the HOMEPAGE_ALLOWED_HOSTS environment variable to allow requests from this host / port.
[2026-07-16T20:38:24.217Z] error: Host validation failed for: homepage.home.lab. Hint: Set the HOMEPAGE_ALLOWED_HOSTS environment variable to allow requests from this host / port.
[2026-07-16T20:38:24.219Z] error: Host validation failed for: homepage.home.lab. Hint: Set the HOMEPAGE_ALLOWED_HOSTS environment variable to allow requests from this host / port.
[2026-07-16T20:38:24.221Z] error: Host validation failed for: homepage.home.lab. Hint: Set the HOMEPAGE_ALLOWED_HOSTS environment variable to allow requests from this host / port.
[2026-07-16T20:38:24.224Z] error: Host validation failed for: homepage.home.lab. Hint: Set the HOMEPAGE_ALLOWED_HOSTS environment variable to allow requests from this host / port.
[2026-07-16T20:38:24.260Z] error: Host validation failed for: homepage.home.lab. Hint: Set the HOMEPAGE_ALLOWED_HOSTS environment variable to allow requests from this host / port.
[2026-07-16T20:38:24.728Z] error: Host validation failed for: homepage.home.lab. Hint: Set the HOMEPAGE_ALLOWED_HOSTS environment variable to allow requests from this host / port.
[2026-07-16T20:38:24.891Z] error: Host validation failed for: homepage.home.lab. Hint: Set the HOMEPAGE_ALLOWED_HOSTS environment variable to allow requests from this host / port.
[2026-07-16T20:38:24.893Z] error: Host validation failed for: homepage.home.lab. Hint: Set the HOMEPAGE_ALLOWED_HOSTS environment variable to allow requests from this host / port.
[2026-07-16T20:38:24.896Z] error: Host validation failed for: homepage.home.lab. Hint: Set the HOMEPAGE_ALLOWED_HOSTS environment variable to allow requests from this host / port.
[2026-07-16T20:38:24.898Z] error: Host validation failed for: homepage.home.lab. Hint: Set the HOMEPAGE_ALLOWED_HOSTS environment variable to allow requests from this host / port.
[2026-07-16T20:38:24.901Z] error: Host validation failed for: homepage.home.lab. Hint: Set the HOMEPAGE_ALLOWED_HOSTS environment variable to allow requests from this host / port.
[2026-07-16T20:38:24.903Z] error: Host validation failed for: homepage.home.lab. Hint: Set the HOMEPAGE_ALLOWED_HOSTS environment variable to allow requests from this host / port.
[2026-07-16T20:38:24.905Z] error: Host validation failed for: homepage.home.lab. Hint: Set the HOMEPAGE_ALLOWED_HOSTS environment variable to allow requests from this host / port.
[2026-07-16T20:38:24.908Z] error: Host validation failed for: homepage.home.lab. Hint: Set the HOMEPAGE_ALLOWED_HOSTS environment variable to allow requests from this host / port.
[2026-07-16T20:38:24.910Z] error: Host validation failed for: homepage.home.lab. Hint: Set the HOMEPAGE_ALLOWED_HOSTS environment variable to allow requests from this host / port.
[2026-07-16T20:38:24.912Z] error: Host validation failed for: homepage.home.lab. Hint: Set the HOMEPAGE_ALLOWED_HOSTS environment variable to allow requests from this host / port.
[2026-07-16T20:38:24.946Z] error: Host validation failed for: homepage.home.lab. Hint: Set the HOMEPAGE_ALLOWED_HOSTS environment variable to allow requests from this host / port.
[2026-07-16T20:38:24.953Z] error: Host validation failed for: homepage.home.lab. Hint: Set the HOMEPAGE_ALLOWED_HOSTS environment variable to allow requests from this host / port.
[2026-07-16T20:39:08.640Z] error: Host validation failed for: homepage.home.lab. Hint: Set the HOMEPAGE_ALLOWED_HOSTS environment variable to allow requests from this host / port.
[2026-07-16T20:39:08.646Z] error: Host validation failed for: homepage.home.lab. Hint: Set the HOMEPAGE_ALLOWED_HOSTS environment variable to allow requests from this host / port.
[2026-07-16T20:39:08.649Z] error: Host validation failed for: homepage.home.lab. Hint: Set the HOMEPAGE_ALLOWED_HOSTS environment variable to allow requests from this host / port.
[2026-07-16T20:40:09.696Z] error: Host validation failed for: homepage.home.lab. Hint: Set the HOMEPAGE_ALLOWED_HOSTS environment variable to allow requests from this host / port.
[2026-07-16T20:40:09.699Z] error: Host validation failed for: homepage.home.lab. Hint: Set the HOMEPAGE_ALLOWED_HOSTS environment variable to allow requests from this host / port.
[2026-07-16T20:40:09.701Z] error: Host validation failed for: homepage.home.lab. Hint: Set the HOMEPAGE_ALLOWED_HOSTS environment variable to allow requests from this host / port.
[2026-07-16T20:40:11.162Z] error: Host validation failed for: homepage.home.lab. Hint: Set the HOMEPAGE_ALLOWED_HOSTS environment variable to allow requests from this host / port.
[2026-07-16T20:40:11.288Z] error: Host validation failed for: homepage.home.lab. Hint: Set the HOMEPAGE_ALLOWED_HOSTS environment variable to allow requests from this host / port.
[2026-07-16T20:40:11.291Z] error: Host validation failed for: homepage.home.lab. Hint: Set the HOMEPAGE_ALLOWED_HOSTS environment variable to allow requests from this host / port.
[2026-07-16T20:40:11.294Z] error: Host validation failed for: homepage.home.lab. Hint: Set the HOMEPAGE_ALLOWED_HOSTS environment variable to allow requests from this host / port.
[2026-07-16T20:40:11.298Z] error: Host validation failed for: homepage.home.lab. Hint: Set the HOMEPAGE_ALLOWED_HOSTS environment variable to allow requests from this host / port.
[2026-07-16T20:40:11.301Z] error: Host validation failed for: homepage.home.lab. Hint: Set the HOMEPAGE_ALLOWED_HOSTS environment variable to allow requests from this host / port.
[2026-07-16T20:40:11.303Z] error: Host validation failed for: homepage.home.lab. Hint: Set the HOMEPAGE_ALLOWED_HOSTS environment variable to allow requests from this host / port.
[2026-07-16T20:40:11.304Z] error: Host validation failed for: homepage.home.lab. Hint: Set the HOMEPAGE_ALLOWED_HOSTS environment variable to allow requests from this host / port.
[2026-07-16T20:40:11.307Z] error: Host validation failed for: homepage.home.lab. Hint: Set the HOMEPAGE_ALLOWED_HOSTS environment variable to allow requests from this host / port.
[2026-07-16T20:40:11.310Z] error: Host validation failed for: homepage.home.lab. Hint: Set the HOMEPAGE_ALLOWED_HOSTS environment variable to allow requests from this host / port.
[2026-07-16T20:40:11.313Z] error: Host validation failed for: homepage.home.lab. Hint: Set the HOMEPAGE_ALLOWED_HOSTS environment variable to allow requests from this host / port.
[2026-07-16T20:40:11.330Z] error: Host validation failed for: homepage.home.lab. Hint: Set the HOMEPAGE_ALLOWED_HOSTS environment variable to allow requests from this host / port.
[2026-07-16T20:40:11.385Z] error: Host validation failed for: homepage.home.lab. Hint: Set the HOMEPAGE_ALLOWED_HOSTS environment variable to allow requests from this host / port.
[2026-07-16T20:40:12.106Z] error: Host validation failed for: homepage.home.lab. Hint: Set the HOMEPAGE_ALLOWED_HOSTS environment variable to allow requests from this host / port.
[2026-07-16T20:40:12.220Z] error: Host validation failed for: homepage.home.lab. Hint: Set the HOMEPAGE_ALLOWED_HOSTS environment variable to allow requests from this host / port.
[2026-07-16T20:40:12.223Z] error: Host validation failed for: homepage.home.lab. Hint: Set the HOMEPAGE_ALLOWED_HOSTS environment variable to allow requests from this host / port.
[2026-07-16T20:40:12.226Z] error: Host validation failed for: homepage.home.lab. Hint: Set the HOMEPAGE_ALLOWED_HOSTS environment variable to allow requests from this host / port.
[2026-07-16T20:40:12.229Z] error: Host validation failed for: homepage.home.lab. Hint: Set the HOMEPAGE_ALLOWED_HOSTS environment variable to allow requests from this host / port.
[2026-07-16T20:40:12.232Z] error: Host validation failed for: homepage.home.lab. Hint: Set the HOMEPAGE_ALLOWED_HOSTS environment variable to allow requests from this host / port.
[2026-07-16T20:40:12.234Z] error: Host validation failed for: homepage.home.lab. Hint: Set the HOMEPAGE_ALLOWED_HOSTS environment variable to allow requests from this host / port.
[2026-07-16T20:40:12.236Z] error: Host validation failed for: homepage.home.lab. Hint: Set the HOMEPAGE_ALLOWED_HOSTS environment variable to allow requests from this host / port.
[2026-07-16T20:40:12.239Z] error: Host validation failed for: homepage.home.lab. Hint: Set the HOMEPAGE_ALLOWED_HOSTS environment variable to allow requests from this host / port.
[2026-07-16T20:40:12.242Z] error: Host validation failed for: homepage.home.lab. Hint: Set the HOMEPAGE_ALLOWED_HOSTS environment variable to allow requests from this host / port.
[2026-07-16T20:40:12.244Z] error: Host validation failed for: homepage.home.lab. Hint: Set the HOMEPAGE_ALLOWED_HOSTS environment variable to allow requests from this host / port.
[2026-07-16T20:40:12.256Z] error: Host validation failed for: homepage.home.lab. Hint: Set the HOMEPAGE_ALLOWED_HOSTS environment variable to allow requests from this host / port.
[2026-07-16T20:40:12.293Z] error: Host validation failed for: homepage.home.lab. Hint: Set the HOMEPAGE_ALLOWED_HOSTS environment variable to allow requests from this host / port.
[2026-07-16T20:40:12.813Z] error: Host validation failed for: homepage.home.lab. Hint: Set the HOMEPAGE_ALLOWED_HOSTS environment variable to allow requests from this host / port.
[2026-07-16T20:40:12.924Z] error: Host validation failed for: homepage.home.lab. Hint: Set the HOMEPAGE_ALLOWED_HOSTS environment variable to allow requests from this host / port.
[2026-07-16T20:40:12.926Z] error: Host validation failed for: homepage.home.lab. Hint: Set the HOMEPAGE_ALLOWED_HOSTS environment variable to allow requests from this host / port.
[2026-07-16T20:40:12.930Z] error: Host validation failed for: homepage.home.lab. Hint: Set the HOMEPAGE_ALLOWED_HOSTS environment variable to allow requests from this host / port.
[2026-07-16T20:40:12.932Z] error: Host validation failed for: homepage.home.lab. Hint: Set the HOMEPAGE_ALLOWED_HOSTS environment variable to allow requests from this host / port.
[2026-07-16T20:40:12.934Z] error: Host validation failed for: homepage.home.lab. Hint: Set the HOMEPAGE_ALLOWED_HOSTS environment variable to allow requests from this host / port.
[2026-07-16T20:40:12.935Z] error: Host validation failed for: homepage.home.lab. Hint: Set the HOMEPAGE_ALLOWED_HOSTS environment variable to allow requests from this host / port.
[2026-07-16T20:40:12.937Z] error: Host validation failed for: homepage.home.lab. Hint: Set the HOMEPAGE_ALLOWED_HOSTS environment variable to allow requests from this host / port.
[2026-07-16T20:40:12.940Z] error: Host validation failed for: homepage.home.lab. Hint: Set the HOMEPAGE_ALLOWED_HOSTS environment variable to allow requests from this host / port.
[2026-07-16T20:40:12.941Z] error: Host validation failed for: homepage.home.lab. Hint: Set the HOMEPAGE_ALLOWED_HOSTS environment variable to allow requests from this host / port.
[2026-07-16T20:40:12.944Z] error: Host validation failed for: homepage.home.lab. Hint: Set the HOMEPAGE_ALLOWED_HOSTS environment variable to allow requests from this host / port.
[2026-07-16T20:40:12.986Z] error: Host validation failed for: homepage.home.lab. Hint: Set the HOMEPAGE_ALLOWED_HOSTS environment variable to allow requests from this host / port.
[2026-07-16T20:40:13.376Z] error: Host validation failed for: homepage.home.lab. Hint: Set the HOMEPAGE_ALLOWED_HOSTS environment variable to allow requests from this host / port.
[2026-07-16T20:40:13.489Z] error: Host validation failed for: homepage.home.lab. Hint: Set the HOMEPAGE_ALLOWED_HOSTS environment variable to allow requests from this host / port.
[2026-07-16T20:40:13.491Z] error: Host validation failed for: homepage.home.lab. Hint: Set the HOMEPAGE_ALLOWED_HOSTS environment variable to allow requests from this host / port.
[2026-07-16T20:40:13.494Z] error: Host validation failed for: homepage.home.lab. Hint: Set the HOMEPAGE_ALLOWED_HOSTS environment variable to allow requests from this host / port.
[2026-07-16T20:40:13.496Z] error: Host validation failed for: homepage.home.lab. Hint: Set the HOMEPAGE_ALLOWED_HOSTS environment variable to allow requests from this host / port.
[2026-07-16T20:40:13.498Z] error: Host validation failed for: homepage.home.lab. Hint: Set the HOMEPAGE_ALLOWED_HOSTS environment variable to allow requests from this host / port.
[2026-07-16T20:40:13.500Z] error: Host validation failed for: homepage.home.lab. Hint: Set the HOMEPAGE_ALLOWED_HOSTS environment variable to allow requests from this host / port.
[2026-07-16T20:40:13.503Z] error: Host validation failed for: homepage.home.lab. Hint: Set the HOMEPAGE_ALLOWED_HOSTS environment variable to allow requests from this host / port.
[2026-07-16T20:40:13.504Z] error: Host validation failed for: homepage.home.lab. Hint: Set the HOMEPAGE_ALLOWED_HOSTS environment variable to allow requests from this host / port.
[2026-07-16T20:40:13.506Z] error: Host validation failed for: homepage.home.lab. Hint: Set the HOMEPAGE_ALLOWED_HOSTS environment variable to allow requests from this host / port.
[2026-07-16T20:40:13.509Z] error: Host validation failed for: homepage.home.lab. Hint: Set the HOMEPAGE_ALLOWED_HOSTS environment variable to allow requests from this host / port.
[2026-07-16T20:40:13.548Z] error: Host validation failed for: homepage.home.lab. Hint: Set the HOMEPAGE_ALLOWED_HOSTS environment variable to allow requests from this host / port.
[2026-07-16T20:40:13.956Z] error: Host validation failed for: homepage.home.lab. Hint: Set the HOMEPAGE_ALLOWED_HOSTS environment variable to allow requests from this host / port.
[2026-07-16T20:40:14.077Z] error: Host validation failed for: homepage.home.lab. Hint: Set the HOMEPAGE_ALLOWED_HOSTS environment variable to allow requests from this host / port.
[2026-07-16T20:40:14.079Z] error: Host validation failed for: homepage.home.lab. Hint: Set the HOMEPAGE_ALLOWED_HOSTS environment variable to allow requests from this host / port.
[2026-07-16T20:40:14.081Z] error: Host validation failed for: homepage.home.lab. Hint: Set the HOMEPAGE_ALLOWED_HOSTS environment variable to allow requests from this host / port.
[2026-07-16T20:40:14.083Z] error: Host validation failed for: homepage.home.lab. Hint: Set the HOMEPAGE_ALLOWED_HOSTS environment variable to allow requests from this host / port.
[2026-07-16T20:40:14.085Z] error: Host validation failed for: homepage.home.lab. Hint: Set the HOMEPAGE_ALLOWED_HOSTS environment variable to allow requests from this host / port.
[2026-07-16T20:40:14.088Z] error: Host validation failed for: homepage.home.lab. Hint: Set the HOMEPAGE_ALLOWED_HOSTS environment variable to allow requests from this host / port.
[2026-07-16T20:40:14.089Z] error: Host validation failed for: homepage.home.lab. Hint: Set the HOMEPAGE_ALLOWED_HOSTS environment variable to allow requests from this host / port.
[2026-07-16T20:40:14.091Z] error: Host validation failed for: homepage.home.lab. Hint: Set the HOMEPAGE_ALLOWED_HOSTS environment variable to allow requests from this host / port.
[2026-07-16T20:40:14.093Z] error: Host validation failed for: homepage.home.lab. Hint: Set the HOMEPAGE_ALLOWED_HOSTS environment variable to allow requests from this host / port.
[2026-07-16T20:40:14.095Z] error: Host validation failed for: homepage.home.lab. Hint: Set the HOMEPAGE_ALLOWED_HOSTS environment variable to allow requests from this host / port.
[2026-07-16T20:40:14.137Z] error: Host validation failed for: homepage.home.lab. Hint: Set the HOMEPAGE_ALLOWED_HOSTS environment variable to allow requests from this host / port.
[2026-07-16T20:40:14.451Z] error: Host validation failed for: homepage.home.lab. Hint: Set the HOMEPAGE_ALLOWED_HOSTS environment variable to allow requests from this host / port.
[2026-07-16T20:40:14.559Z] error: Host validation failed for: homepage.home.lab. Hint: Set the HOMEPAGE_ALLOWED_HOSTS environment variable to allow requests from this host / port.
[2026-07-16T20:40:14.561Z] error: Host validation failed for: homepage.home.lab. Hint: Set the HOMEPAGE_ALLOWED_HOSTS environment variable to allow requests from this host / port.
[2026-07-16T20:40:14.563Z] error: Host validation failed for: homepage.home.lab. Hint: Set the HOMEPAGE_ALLOWED_HOSTS environment variable to allow requests from this host / port.
[2026-07-16T20:40:14.565Z] error: Host validation failed for: homepage.home.lab. Hint: Set the HOMEPAGE_ALLOWED_HOSTS environment variable to allow requests from this host / port.
[2026-07-16T20:40:14.567Z] error: Host validation failed for: homepage.home.lab. Hint: Set the HOMEPAGE_ALLOWED_HOSTS environment variable to allow requests from this host / port.
[2026-07-16T20:40:14.570Z] error: Host validation failed for: homepage.home.lab. Hint: Set the HOMEPAGE_ALLOWED_HOSTS environment variable to allow requests from this host / port.
[2026-07-16T20:40:14.573Z] error: Host validation failed for: homepage.home.lab. Hint: Set the HOMEPAGE_ALLOWED_HOSTS environment variable to allow requests from this host / port.
[2026-07-16T20:40:14.577Z] error: Host validation failed for: homepage.home.lab. Hint: Set the HOMEPAGE_ALLOWED_HOSTS environment variable to allow requests from this host / port.
[2026-07-16T20:40:14.579Z] error: Host validation failed for: homepage.home.lab. Hint: Set the HOMEPAGE_ALLOWED_HOSTS environment variable to allow requests from this host / port.
[2026-07-16T20:40:14.581Z] error: Host validation failed for: homepage.home.lab. Hint: Set the HOMEPAGE_ALLOWED_HOSTS environment variable to allow requests from this host / port.
[2026-07-16T20:40:14.617Z] error: Host validation failed for: homepage.home.lab. Hint: Set the HOMEPAGE_ALLOWED_HOSTS environment variable to allow requests from this host / port.
[2026-07-16T20:40:14.847Z] error: Host validation failed for: homepage.home.lab. Hint: Set the HOMEPAGE_ALLOWED_HOSTS environment variable to allow requests from this host / port.
[2026-07-16T20:40:14.943Z] error: Host validation failed for: homepage.home.lab. Hint: Set the HOMEPAGE_ALLOWED_HOSTS environment variable to allow requests from this host / port.
[2026-07-16T20:40:14.945Z] error: Host validation failed for: homepage.home.lab. Hint: Set the HOMEPAGE_ALLOWED_HOSTS environment variable to allow requests from this host / port.
[2026-07-16T20:40:14.947Z] error: Host validation failed for: homepage.home.lab. Hint: Set the HOMEPAGE_ALLOWED_HOSTS environment variable to allow requests from this host / port.
[2026-07-16T20:40:14.949Z] error: Host validation failed for: homepage.home.lab. Hint: Set the HOMEPAGE_ALLOWED_HOSTS environment variable to allow requests from this host / port.
[2026-07-16T20:40:14.951Z] error: Host validation failed for: homepage.home.lab. Hint: Set the HOMEPAGE_ALLOWED_HOSTS environment variable to allow requests from this host / port.
[2026-07-16T20:40:14.952Z] error: Host validation failed for: homepage.home.lab. Hint: Set the HOMEPAGE_ALLOWED_HOSTS environment variable to allow requests from this host / port.
[2026-07-16T20:40:14.954Z] error: Host validation failed for: homepage.home.lab. Hint: Set the HOMEPAGE_ALLOWED_HOSTS environment variable to allow requests from this host / port.
[2026-07-16T20:40:14.958Z] error: Host validation failed for: homepage.home.lab. Hint: Set the HOMEPAGE_ALLOWED_HOSTS environment variable to allow requests from this host / port.
[2026-07-16T20:40:14.960Z] error: Host validation failed for: homepage.home.lab. Hint: Set the HOMEPAGE_ALLOWED_HOSTS environment variable to allow requests from this host / port.
[2026-07-16T20:40:14.961Z] error: Host validation failed for: homepage.home.lab. Hint: Set the HOMEPAGE_ALLOWED_HOSTS environment variable to allow requests from this host / port.
[2026-07-16T20:40:15.001Z] error: Host validation failed for: homepage.home.lab. Hint: Set the HOMEPAGE_ALLOWED_HOSTS environment variable to allow requests from this host / port.
[2026-07-16T20:40:15.207Z] error: Host validation failed for: homepage.home.lab. Hint: Set the HOMEPAGE_ALLOWED_HOSTS environment variable to allow requests from this host / port.
[2026-07-16T20:40:15.314Z] error: Host validation failed for: homepage.home.lab. Hint: Set the HOMEPAGE_ALLOWED_HOSTS environment variable to allow requests from this host / port.
[2026-07-16T20:40:15.316Z] error: Host validation failed for: homepage.home.lab. Hint: Set the HOMEPAGE_ALLOWED_HOSTS environment variable to allow requests from this host / port.
[2026-07-16T20:40:15.318Z] error: Host validation failed for: homepage.home.lab. Hint: Set the HOMEPAGE_ALLOWED_HOSTS environment variable to allow requests from this host / port.
[2026-07-16T20:40:15.320Z] error: Host validation failed for: homepage.home.lab. Hint: Set the HOMEPAGE_ALLOWED_HOSTS environment variable to allow requests from this host / port.
[2026-07-16T20:40:15.322Z] error: Host validation failed for: homepage.home.lab. Hint: Set the HOMEPAGE_ALLOWED_HOSTS environment variable to allow requests from this host / port.
[2026-07-16T20:40:15.324Z] error: Host validation failed for: homepage.home.lab. Hint: Set the HOMEPAGE_ALLOWED_HOSTS environment variable to allow requests from this host / port.
[2026-07-16T20:40:15.326Z] error: Host validation failed for: homepage.home.lab. Hint: Set the HOMEPAGE_ALLOWED_HOSTS environment variable to allow requests from this host / port.
[2026-07-16T20:40:15.329Z] error: Host validation failed for: homepage.home.lab. Hint: Set the HOMEPAGE_ALLOWED_HOSTS environment variable to allow requests from this host / port.
[2026-07-16T20:40:15.330Z] error: Host validation failed for: homepage.home.lab. Hint: Set the HOMEPAGE_ALLOWED_HOSTS environment variable to allow requests from this host / port.
[2026-07-16T20:40:15.332Z] error: Host validation failed for: homepage.home.lab. Hint: Set the HOMEPAGE_ALLOWED_HOSTS environment variable to allow requests from this host / port.
[2026-07-16T20:40:15.374Z] error: Host validation failed for: homepage.home.lab. Hint: Set the HOMEPAGE_ALLOWED_HOSTS environment variable to allow requests from this host / port.
[2026-07-16T20:40:15.574Z] error: Host validation failed for: homepage.home.lab. Hint: Set the HOMEPAGE_ALLOWED_HOSTS environment variable to allow requests from this host / port.
[2026-07-16T20:40:15.686Z] error: Host validation failed for: homepage.home.lab. Hint: Set the HOMEPAGE_ALLOWED_HOSTS environment variable to allow requests from this host / port.
[2026-07-16T20:40:15.688Z] error: Host validation failed for: homepage.home.lab. Hint: Set the HOMEPAGE_ALLOWED_HOSTS environment variable to allow requests from this host / port.
[2026-07-16T20:40:15.690Z] error: Host validation failed for: homepage.home.lab. Hint: Set the HOMEPAGE_ALLOWED_HOSTS environment variable to allow requests from this host / port.
[2026-07-16T20:40:15.692Z] error: Host validation failed for: homepage.home.lab. Hint: Set the HOMEPAGE_ALLOWED_HOSTS environment variable to allow requests from this host / port.
[2026-07-16T20:40:15.693Z] error: Host validation failed for: homepage.home.lab. Hint: Set the HOMEPAGE_ALLOWED_HOSTS environment variable to allow requests from this host / port.
[2026-07-16T20:40:15.695Z] error: Host validation failed for: homepage.home.lab. Hint: Set the HOMEPAGE_ALLOWED_HOSTS environment variable to allow requests from this host / port.
[2026-07-16T20:40:15.698Z] error: Host validation failed for: homepage.home.lab. Hint: Set the HOMEPAGE_ALLOWED_HOSTS environment variable to allow requests from this host / port.
[2026-07-16T20:40:15.699Z] error: Host validation failed for: homepage.home.lab. Hint: Set the HOMEPAGE_ALLOWED_HOSTS environment variable to allow requests from this host / port.
[2026-07-16T20:40:15.701Z] error: Host validation failed for: homepage.home.lab. Hint: Set the HOMEPAGE_ALLOWED_HOSTS environment variable to allow requests from this host / port.
[2026-07-16T20:40:15.703Z] error: Host validation failed for: homepage.home.lab. Hint: Set the HOMEPAGE_ALLOWED_HOSTS environment variable to allow requests from this host / port.
[2026-07-16T20:40:15.735Z] error: Host validation failed for: homepage.home.lab. Hint: Set the HOMEPAGE_ALLOWED_HOSTS environment variable to allow requests from this host / port.
[2026-07-16T20:40:15.900Z] error: Host validation failed for: homepage.home.lab. Hint: Set the HOMEPAGE_ALLOWED_HOSTS environment variable to allow requests from this host / port.
[2026-07-16T20:40:15.999Z] error: Host validation failed for: homepage.home.lab. Hint: Set the HOMEPAGE_ALLOWED_HOSTS environment variable to allow requests from this host / port.
[2026-07-16T20:40:16.001Z] error: Host validation failed for: homepage.home.lab. Hint: Set the HOMEPAGE_ALLOWED_HOSTS environment variable to allow requests from this host / port.
[2026-07-16T20:40:16.003Z] error: Host validation failed for: homepage.home.lab. Hint: Set the HOMEPAGE_ALLOWED_HOSTS environment variable to allow requests from this host / port.
[2026-07-16T20:40:16.004Z] error: Host validation failed for: homepage.home.lab. Hint: Set the HOMEPAGE_ALLOWED_HOSTS environment variable to allow requests from this host / port.
[2026-07-16T20:40:16.006Z] error: Host validation failed for: homepage.home.lab. Hint: Set the HOMEPAGE_ALLOWED_HOSTS environment variable to allow requests from this host / port.
[2026-07-16T20:40:16.007Z] error: Host validation failed for: homepage.home.lab. Hint: Set the HOMEPAGE_ALLOWED_HOSTS environment variable to allow requests from this host / port.
[2026-07-16T20:40:16.010Z] error: Host validation failed for: homepage.home.lab. Hint: Set the HOMEPAGE_ALLOWED_HOSTS environment variable to allow requests from this host / port.
[2026-07-16T20:40:16.013Z] error: Host validation failed for: homepage.home.lab. Hint: Set the HOMEPAGE_ALLOWED_HOSTS environment variable to allow requests from this host / port.
[2026-07-16T20:40:16.015Z] error: Host validation failed for: homepage.home.lab. Hint: Set the HOMEPAGE_ALLOWED_HOSTS environment variable to allow requests from this host / port.
[2026-07-16T20:40:16.017Z] error: Host validation failed for: homepage.home.lab. Hint: Set the HOMEPAGE_ALLOWED_HOSTS environment variable to allow requests from this host / port.
[2026-07-16T20:40:16.058Z] error: Host validation failed for: homepage.home.lab. Hint: Set the HOMEPAGE_ALLOWED_HOSTS environment variable to allow requests from this host / port.
[2026-07-16T20:40:16.381Z] error: Host validation failed for: homepage.home.lab. Hint: Set the HOMEPAGE_ALLOWED_HOSTS environment variable to allow requests from this host / port.
[2026-07-16T20:40:16.511Z] error: Host validation failed for: homepage.home.lab. Hint: Set the HOMEPAGE_ALLOWED_HOSTS environment variable to allow requests from this host / port.
[2026-07-16T20:40:16.516Z] error: Host validation failed for: homepage.home.lab. Hint: Set the HOMEPAGE_ALLOWED_HOSTS environment variable to allow requests from this host / port.
[2026-07-16T20:40:16.519Z] error: Host validation failed for: homepage.home.lab. Hint: Set the HOMEPAGE_ALLOWED_HOSTS environment variable to allow requests from this host / port.
[2026-07-16T20:40:16.520Z] error: Host validation failed for: homepage.home.lab. Hint: Set the HOMEPAGE_ALLOWED_HOSTS environment variable to allow requests from this host / port.
[2026-07-16T20:40:16.522Z] error: Host validation failed for: homepage.home.lab. Hint: Set the HOMEPAGE_ALLOWED_HOSTS environment variable to allow requests from this host / port.
[2026-07-16T20:40:16.524Z] error: Host validation failed for: homepage.home.lab. Hint: Set the HOMEPAGE_ALLOWED_HOSTS environment variable to allow requests from this host / port.
[2026-07-16T20:40:16.527Z] error: Host validation failed for: homepage.home.lab. Hint: Set the HOMEPAGE_ALLOWED_HOSTS environment variable to allow requests from this host / port.
[2026-07-16T20:40:16.530Z] error: Host validation failed for: homepage.home.lab. Hint: Set the HOMEPAGE_ALLOWED_HOSTS environment variable to allow requests from this host / port.
[2026-07-16T20:40:16.531Z] error: Host validation failed for: homepage.home.lab. Hint: Set the HOMEPAGE_ALLOWED_HOSTS environment variable to allow requests from this host / port.
[2026-07-16T20:40:16.533Z] error: Host validation failed for: homepage.home.lab. Hint: Set the HOMEPAGE_ALLOWED_HOSTS environment variable to allow requests from this host / port.
[2026-07-16T20:40:16.555Z] error: Host validation failed for: homepage.home.lab. Hint: Set the HOMEPAGE_ALLOWED_HOSTS environment variable to allow requests from this host / port.
[2026-07-16T20:40:16.689Z] error: Host validation failed for: homepage.home.lab. Hint: Set the HOMEPAGE_ALLOWED_HOSTS environment variable to allow requests from this host / port.
[2026-07-16T20:40:16.691Z] error: Host validation failed for: homepage.home.lab. Hint: Set the HOMEPAGE_ALLOWED_HOSTS environment variable to allow requests from this host / port.
[2026-07-16T20:40:16.693Z] error: Host validation failed for: homepage.home.lab. Hint: Set the HOMEPAGE_ALLOWED_HOSTS environment variable to allow requests from this host / port.
[2026-07-16T20:40:16.695Z] error: Host validation failed for: homepage.home.lab. Hint: Set the HOMEPAGE_ALLOWED_HOSTS environment variable to allow requests from this host / port.
[2026-07-16T20:40:16.697Z] error: Host validation failed for: homepage.home.lab. Hint: Set the HOMEPAGE_ALLOWED_HOSTS environment variable to allow requests from this host / port.
[2026-07-16T20:40:16.698Z] error: Host validation failed for: homepage.home.lab. Hint: Set the HOMEPAGE_ALLOWED_HOSTS environment variable to allow requests from this host / port.
[2026-07-16T20:40:16.711Z] error: Host validation failed for: homepage.home.lab. Hint: Set the HOMEPAGE_ALLOWED_HOSTS environment variable to allow requests from this host / port.
[2026-07-16T20:40:16.812Z] error: Host validation failed for: homepage.home.lab. Hint: Set the HOMEPAGE_ALLOWED_HOSTS environment variable to allow requests from this host / port.
[2026-07-16T20:40:16.815Z] error: Host validation failed for: homepage.home.lab. Hint: Set the HOMEPAGE_ALLOWED_HOSTS environment variable to allow requests from this host / port.
[2026-07-16T20:40:16.816Z] error: Host validation failed for: homepage.home.lab. Hint: Set the HOMEPAGE_ALLOWED_HOSTS environment variable to allow requests from this host / port.
[2026-07-16T20:40:16.818Z] error: Host validation failed for: homepage.home.lab. Hint: Set the HOMEPAGE_ALLOWED_HOSTS environment variable to allow requests from this host / port.
[2026-07-16T20:40:16.819Z] error: Host validation failed for: homepage.home.lab. Hint: Set the HOMEPAGE_ALLOWED_HOSTS environment variable to allow requests from this host / port.
[2026-07-16T20:40:16.821Z] error: Host validation failed for: homepage.home.lab. Hint: Set the HOMEPAGE_ALLOWED_HOSTS environment variable to allow requests from this host / port.
[2026-07-16T20:40:16.823Z] error: Host validation failed for: homepage.home.lab. Hint: Set the HOMEPAGE_ALLOWED_HOSTS environment variable to allow requests from this host / port.
[2026-07-16T20:40:16.828Z] error: Host validation failed for: homepage.home.lab. Hint: Set the HOMEPAGE_ALLOWED_HOSTS environment variable to allow requests from this host / port.
[2026-07-16T20:40:16.831Z] error: Host validation failed for: homepage.home.lab. Hint: Set the HOMEPAGE_ALLOWED_HOSTS environment variable to allow requests from this host / port.
[2026-07-16T20:40:16.832Z] error: Host validation failed for: homepage.home.lab. Hint: Set the HOMEPAGE_ALLOWED_HOSTS environment variable to allow requests from this host / port.
[2026-07-16T20:40:16.865Z] error: Host validation failed for: homepage.home.lab. Hint: Set the HOMEPAGE_ALLOWED_HOSTS environment variable to allow requests from this host / port.
[2026-07-16T20:40:16.988Z] error: Host validation failed for: homepage.home.lab. Hint: Set the HOMEPAGE_ALLOWED_HOSTS environment variable to allow requests from this host / port.
[2026-07-16T20:40:17.092Z] error: Host validation failed for: homepage.home.lab. Hint: Set the HOMEPAGE_ALLOWED_HOSTS environment variable to allow requests from this host / port.
[2026-07-16T20:40:17.094Z] error: Host validation failed for: homepage.home.lab. Hint: Set the HOMEPAGE_ALLOWED_HOSTS environment variable to allow requests from this host / port.
[2026-07-16T20:40:17.098Z] error: Host validation failed for: homepage.home.lab. Hint: Set the HOMEPAGE_ALLOWED_HOSTS environment variable to allow requests from this host / port.
[2026-07-16T20:40:17.099Z] error: Host validation failed for: homepage.home.lab. Hint: Set the HOMEPAGE_ALLOWED_HOSTS environment variable to allow requests from this host / port.
[2026-07-16T20:40:17.102Z] error: Host validation failed for: homepage.home.lab. Hint: Set the HOMEPAGE_ALLOWED_HOSTS environment variable to allow requests from this host / port.
[2026-07-16T20:40:17.104Z] error: Host validation failed for: homepage.home.lab. Hint: Set the HOMEPAGE_ALLOWED_HOSTS environment variable to allow requests from this host / port.
[2026-07-16T20:40:17.106Z] error: Host validation failed for: homepage.home.lab. Hint: Set the HOMEPAGE_ALLOWED_HOSTS environment variable to allow requests from this host / port.
[2026-07-16T20:40:17.108Z] error: Host validation failed for: homepage.home.lab. Hint: Set the HOMEPAGE_ALLOWED_HOSTS environment variable to allow requests from this host / port.
[2026-07-16T20:40:17.110Z] error: Host validation failed for: homepage.home.lab. Hint: Set the HOMEPAGE_ALLOWED_HOSTS environment variable to allow requests from this host / port.
[2026-07-16T20:40:17.112Z] error: Host validation failed for: homepage.home.lab. Hint: Set the HOMEPAGE_ALLOWED_HOSTS environment variable to allow requests from this host / port.
[2026-07-16T20:40:17.153Z] error: Host validation failed for: homepage.home.lab. Hint: Set the HOMEPAGE_ALLOWED_HOSTS environment variable to allow requests from this host / port.
[2026-07-16T20:40:17.257Z] error: Host validation failed for: homepage.home.lab. Hint: Set the HOMEPAGE_ALLOWED_HOSTS environment variable to allow requests from this host / port.
[2026-07-16T20:40:17.260Z] error: Host validation failed for: homepage.home.lab. Hint: Set the HOMEPAGE_ALLOWED_HOSTS environment variable to allow requests from this host / port.
[2026-07-16T20:40:17.262Z] error: Host validation failed for: homepage.home.lab. Hint: Set the HOMEPAGE_ALLOWED_HOSTS environment variable to allow requests from this host / port.
[2026-07-16T20:40:17.263Z] error: Host validation failed for: homepage.home.lab. Hint: Set the HOMEPAGE_ALLOWED_HOSTS environment variable to allow requests from this host / port.
[2026-07-16T20:40:17.265Z] error: Host validation failed for: homepage.home.lab. Hint: Set the HOMEPAGE_ALLOWED_HOSTS environment variable to allow requests from this host / port.
[2026-07-16T20:40:17.266Z] error: Host validation failed for: homepage.home.lab. Hint: Set the HOMEPAGE_ALLOWED_HOSTS environment variable to allow requests from this host / port.
[2026-07-16T20:40:17.268Z] error: Host validation failed for: homepage.home.lab. Hint: Set the HOMEPAGE_ALLOWED_HOSTS environment variable to allow requests from this host / port.
[2026-07-16T20:40:17.270Z] error: Host validation failed for: homepage.home.lab. Hint: Set the HOMEPAGE_ALLOWED_HOSTS environment variable to allow requests from this host / port.
[2026-07-16T20:40:17.272Z] error: Host validation failed for: homepage.home.lab. Hint: Set the HOMEPAGE_ALLOWED_HOSTS environment variable to allow requests from this host / port.
[2026-07-16T20:40:17.273Z] error: Host validation failed for: homepage.home.lab. Hint: Set the HOMEPAGE_ALLOWED_HOSTS environment variable to allow requests from this host / port.
[2026-07-16T20:40:17.329Z] error: Host validation failed for: homepage.home.lab. Hint: Set the HOMEPAGE_ALLOWED_HOSTS environment variable to allow requests from this host / port.
[2026-07-16T20:40:17.448Z] error: Host validation failed for: homepage.home.lab. Hint: Set the HOMEPAGE_ALLOWED_HOSTS environment variable to allow requests from this host / port.
[2026-07-16T20:40:17.556Z] error: Host validation failed for: homepage.home.lab. Hint: Set the HOMEPAGE_ALLOWED_HOSTS environment variable to allow requests from this host / port.
[2026-07-16T20:40:17.559Z] error: Host validation failed for: homepage.home.lab. Hint: Set the HOMEPAGE_ALLOWED_HOSTS environment variable to allow requests from this host / port.
[2026-07-16T20:40:17.561Z] error: Host validation failed for: homepage.home.lab. Hint: Set the HOMEPAGE_ALLOWED_HOSTS environment variable to allow requests from this host / port.
[2026-07-16T20:40:17.563Z] error: Host validation failed for: homepage.home.lab. Hint: Set the HOMEPAGE_ALLOWED_HOSTS environment variable to allow requests from this host / port.
[2026-07-16T20:40:17.564Z] error: Host validation failed for: homepage.home.lab. Hint: Set the HOMEPAGE_ALLOWED_HOSTS environment variable to allow requests from this host / port.
[2026-07-16T20:40:17.566Z] error: Host validation failed for: homepage.home.lab. Hint: Set the HOMEPAGE_ALLOWED_HOSTS environment variable to allow requests from this host / port.
[2026-07-16T20:40:17.567Z] error: Host validation failed for: homepage.home.lab. Hint: Set the HOMEPAGE_ALLOWED_HOSTS environment variable to allow requests from this host / port.
[2026-07-16T20:40:17.570Z] error: Host validation failed for: homepage.home.lab. Hint: Set the HOMEPAGE_ALLOWED_HOSTS environment variable to allow requests from this host / port.
[2026-07-16T20:40:17.572Z] error: Host validation failed for: homepage.home.lab. Hint: Set the HOMEPAGE_ALLOWED_HOSTS environment variable to allow requests from this host / port.
[2026-07-16T20:40:17.574Z] error: Host validation failed for: homepage.home.lab. Hint: Set the HOMEPAGE_ALLOWED_HOSTS environment variable to allow requests from this host / port.
[2026-07-16T20:40:17.617Z] error: Host validation failed for: homepage.home.lab. Hint: Set the HOMEPAGE_ALLOWED_HOSTS environment variable to allow requests from this host / port.
[2026-07-16T20:40:17.727Z] error: Host validation failed for: homepage.home.lab. Hint: Set the HOMEPAGE_ALLOWED_HOSTS environment variable to allow requests from this host / port.
[2026-07-16T20:40:17.834Z] error: Host validation failed for: homepage.home.lab. Hint: Set the HOMEPAGE_ALLOWED_HOSTS environment variable to allow requests from this host / port.
[2026-07-16T20:40:17.837Z] error: Host validation failed for: homepage.home.lab. Hint: Set the HOMEPAGE_ALLOWED_HOSTS environment variable to allow requests from this host / port.
[2026-07-16T20:40:17.839Z] error: Host validation failed for: homepage.home.lab. Hint: Set the HOMEPAGE_ALLOWED_HOSTS environment variable to allow requests from this host / port.
[2026-07-16T20:40:17.841Z] error: Host validation failed for: homepage.home.lab. Hint: Set the HOMEPAGE_ALLOWED_HOSTS environment variable to allow requests from this host / port.
[2026-07-16T20:40:17.843Z] error: Host validation failed for: homepage.home.lab. Hint: Set the HOMEPAGE_ALLOWED_HOSTS environment variable to allow requests from this host / port.
[2026-07-16T20:40:17.845Z] error: Host validation failed for: homepage.home.lab. Hint: Set the HOMEPAGE_ALLOWED_HOSTS environment variable to allow requests from this host / port.
[2026-07-16T20:40:17.847Z] error: Host validation failed for: homepage.home.lab. Hint: Set the HOMEPAGE_ALLOWED_HOSTS environment variable to allow requests from this host / port.
[2026-07-16T20:40:17.849Z] error: Host validation failed for: homepage.home.lab. Hint: Set the HOMEPAGE_ALLOWED_HOSTS environment variable to allow requests from this host / port.
[2026-07-16T20:40:17.851Z] error: Host validation failed for: homepage.home.lab. Hint: Set the HOMEPAGE_ALLOWED_HOSTS environment variable to allow requests from this host / port.
[2026-07-16T20:40:17.852Z] error: Host validation failed for: homepage.home.lab. Hint: Set the HOMEPAGE_ALLOWED_HOSTS environment variable to allow requests from this host / port.
[2026-07-16T20:40:17.907Z] error: Host validation failed for: homepage.home.lab. Hint: Set the HOMEPAGE_ALLOWED_HOSTS environment variable to allow requests from this host / port.
[2026-07-16T20:40:18.001Z] error: Host validation failed for: homepage.home.lab. Hint: Set the HOMEPAGE_ALLOWED_HOSTS environment variable to allow requests from this host / port.
[2026-07-16T20:40:18.104Z] error: Host validation failed for: homepage.home.lab. Hint: Set the HOMEPAGE_ALLOWED_HOSTS environment variable to allow requests from this host / port.
[2026-07-16T20:40:18.105Z] error: Host validation failed for: homepage.home.lab. Hint: Set the HOMEPAGE_ALLOWED_HOSTS environment variable to allow requests from this host / port.
[2026-07-16T20:40:18.107Z] error: Host validation failed for: homepage.home.lab. Hint: Set the HOMEPAGE_ALLOWED_HOSTS environment variable to allow requests from this host / port.
[2026-07-16T20:40:18.110Z] error: Host validation failed for: homepage.home.lab. Hint: Set the HOMEPAGE_ALLOWED_HOSTS environment variable to allow requests from this host / port.
[2026-07-16T20:40:18.112Z] error: Host validation failed for: homepage.home.lab. Hint: Set the HOMEPAGE_ALLOWED_HOSTS environment variable to allow requests from this host / port.
[2026-07-16T20:40:18.113Z] error: Host validation failed for: homepage.home.lab. Hint: Set the HOMEPAGE_ALLOWED_HOSTS environment variable to allow requests from this host / port.
[2026-07-16T20:40:18.115Z] error: Host validation failed for: homepage.home.lab. Hint: Set the HOMEPAGE_ALLOWED_HOSTS environment variable to allow requests from this host / port.
[2026-07-16T20:40:18.117Z] error: Host validation failed for: homepage.home.lab. Hint: Set the HOMEPAGE_ALLOWED_HOSTS environment variable to allow requests from this host / port.
[2026-07-16T20:40:18.119Z] error: Host validation failed for: homepage.home.lab. Hint: Set the HOMEPAGE_ALLOWED_HOSTS environment variable to allow requests from this host / port.
[2026-07-16T20:40:18.121Z] error: Host validation failed for: homepage.home.lab. Hint: Set the HOMEPAGE_ALLOWED_HOSTS environment variable to allow requests from this host / port.
[2026-07-16T20:40:18.171Z] error: Host validation failed for: homepage.home.lab. Hint: Set the HOMEPAGE_ALLOWED_HOSTS environment variable to allow requests from this host / port.
